Using pre-set license
Built from '2022.3/staging' branch; Version is '2022.3.30f1 (70558241b701) revision 7361922'; Using compiler version '192829333'; Build Type 'Release'
OS: 'Windows 11  (10.0.26100) 64bit Core' Language: 'en' Physical Memory: 16088 MB
BatchMode: 1, IsHumanControllingUs: 0, StartBugReporterOnCrash: 0, Is64bit: 1, IsPro: 1

COMMAND LINE ARGUMENTS:
C:\Program Files\Unity\Hub\Editor\2022.3.30f1\Editor\Unity.exe
-adb2
-batchMode
-noUpm
-name
AssetImportWorker1
-projectPath
C:/Users/kamil/Documents/ARProblems
-logFile
Logs/AssetImportWorker1.log
-srvPort
65517
Successfully changed project path to: C:/Users/kamil/Documents/ARProblems
C:/Users/kamil/Documents/ARProblems
[UnityMemory] Configuration Parameters - Can be set up in boot.config
    "memorysetup-bucket-allocator-granularity=16"
    "memorysetup-bucket-allocator-bucket-count=8"
    "memorysetup-bucket-allocator-block-size=33554432"
    "memorysetup-bucket-allocator-block-count=8"
    "memorysetup-main-allocator-block-size=16777216"
    "memorysetup-thread-allocator-block-size=16777216"
    "memorysetup-gfx-main-allocator-block-size=16777216"
    "memorysetup-gfx-thread-allocator-block-size=16777216"
    "memorysetup-cache-allocator-block-size=4194304"
    "memorysetup-typetree-allocator-block-size=2097152"
    "memorysetup-profiler-bucket-allocator-granularity=16"
    "memorysetup-profiler-bucket-allocator-bucket-count=8"
    "memorysetup-profiler-bucket-allocator-block-size=33554432"
    "memorysetup-profiler-bucket-allocator-block-count=8"
    "memorysetup-profiler-allocator-block-size=16777216"
    "memorysetup-profiler-editor-allocator-block-size=1048576"
    "memorysetup-temp-allocator-size-main=16777216"
    "memorysetup-job-temp-allocator-block-size=2097152"
    "memorysetup-job-temp-allocator-block-size-background=1048576"
    "memorysetup-job-temp-allocator-reduction-small-platforms=262144"
    "memorysetup-allocator-temp-initial-block-size-main=262144"
    "memorysetup-allocator-temp-initial-block-size-worker=262144"
    "memorysetup-temp-allocator-size-background-worker=32768"
    "memorysetup-temp-allocator-size-job-worker=262144"
    "memorysetup-temp-allocator-size-preload-manager=33554432"
    "memorysetup-temp-allocator-size-nav-mesh-worker=65536"
    "memorysetup-temp-allocator-size-audio-worker=65536"
    "memorysetup-temp-allocator-size-cloud-worker=32768"
    "memorysetup-temp-allocator-size-gi-baking-worker=262144"
    "memorysetup-temp-allocator-size-gfx=262144"
Player connection [46428] Host "[IP] 192.168.43.21 [Port] 0 [Flags] 2 [Guid] 447623161 [EditorId] 447623161 [Version] 1048832 [Id] WindowsEditor(7,Kamil) [Debug] 1 [PackageName] WindowsEditor [ProjectName] Editor" joined multi-casting on [225.0.0.222:54997]...

Player connection [46428] Host "[IP] 192.168.43.21 [Port] 0 [Flags] 2 [Guid] 447623161 [EditorId] 447623161 [Version] 1048832 [Id] WindowsEditor(7,Kamil) [Debug] 1 [PackageName] WindowsEditor [ProjectName] Editor" joined alternative multi-casting on [225.0.0.222:34997]...

[Physics::Module] Initialized MultithreadedJobDispatcher with 15 workers.
Refreshing native plugins compatible for Editor in 357.06 ms, found 4 plugins.
Preloading 0 native plugins for Editor in 0.00 ms.
Initialize engine version: 2022.3.30f1 (70558241b701)
[Subsystems] Discovering subsystems at path C:/Program Files/Unity/Hub/Editor/2022.3.30f1/Editor/Data/Resources/UnitySubsystems
[Subsystems] Discovering subsystems at path C:/Users/kamil/Documents/ARProblems/Assets
GfxDevice: creating device client; threaded=0; jobified=0
Direct3D:
    Version:  Direct3D 11.0 [level 11.1]
    Renderer: Intel(R) UHD Graphics (ID=0x46a3)
    Vendor:   Intel
    VRAM:     8044 MB
    Driver:   31.0.101.4032
Initialize mono
Mono path[0] = 'C:/Program Files/Unity/Hub/Editor/2022.3.30f1/Editor/Data/Managed'
Mono path[1] = 'C:/Program Files/Unity/Hub/Editor/2022.3.30f1/Editor/Data/MonoBleedingEdge/lib/mono/unityjit-win32'
Mono config path = 'C:/Program Files/Unity/Hub/Editor/2022.3.30f1/Editor/Data/MonoBleedingEdge/etc'
Using monoOptions --debugger-agent=transport=dt_socket,embedding=1,server=y,suspend=n,address=127.0.0.1:56616
Begin MonoManager ReloadAssembly
Registering precompiled unity dll's ...
Register platform support module: C:/Program Files/Unity/Hub/Editor/2022.3.30f1/Editor/Data/PlaybackEngines/WebGLSupport/UnityEditor.WebGL.Extensions.dll
Register platform support module: C:/Program Files/Unity/Hub/Editor/2022.3.30f1/Editor/Data/PlaybackEngines/AndroidPlayer/UnityEditor.Android.Extensions.dll
Register platform support module: C:/Program Files/Unity/Hub/Editor/2022.3.30f1/Editor/Data/PlaybackEngines/WindowsStandaloneSupport/UnityEditor.WindowsStandalone.Extensions.dll
Registered in 0.012062 seconds.
- Loaded All Assemblies, in  0.505 seconds
Native extension for WindowsStandalone target not found
Native extension for Android target not found
Android Extension - Scanning For ADB Devices 391 ms
Native extension for WebGL target not found
Mono: successfully reloaded assembly
- Finished resetting the current domain, in  0.699 seconds
Domain Reload Profiling: 1203ms
	BeginReloadAssembly (278ms)
		ExecutionOrderSort (0ms)
		DisableScriptedObjects (0ms)
		BackupInstance (0ms)
		ReleaseScriptingObjects (0ms)
		CreateAndSetChildDomain (1ms)
	RebuildCommonClasses (34ms)
	RebuildNativeTypeToScriptingClass (8ms)
	initialDomainReloadingComplete (62ms)
	LoadAllAssembliesAndSetupDomain (122ms)
		LoadAssemblies (275ms)
		RebuildTransferFunctionScriptingTraits (0ms)
		AnalyzeDomain (120ms)
			TypeCache.Refresh (118ms)
				TypeCache.ScanAssembly (107ms)
			ScanForSourceGeneratedMonoScriptInfo (0ms)
			ResolveRequiredComponents (1ms)
	FinalizeReload (699ms)
		ReleaseScriptCaches (0ms)
		RebuildScriptCaches (0ms)
		SetupLoadedEditorAssemblies (656ms)
			LogAssemblyErrors (0ms)
			InitializePlatformSupportModulesInManaged (511ms)
			SetLoadedEditorAssemblies (3ms)
			RefreshPlugins (0ms)
			BeforeProcessingInitializeOnLoad (2ms)
			ProcessInitializeOnLoadAttributes (85ms)
			ProcessInitializeOnLoadMethodAttributes (56ms)
			AfterProcessingInitializeOnLoad (0ms)
			EditorAssembliesLoaded (0ms)
		ExecutionOrderSort2 (0ms)
		AwakeInstancesAfterBackupRestoration (0ms)
========================================================================
Worker process is ready to serve import requests
Begin MonoManager ReloadAssembly
- Loaded All Assemblies, in 32.294 seconds
Refreshing native plugins compatible for Editor in 41.80 ms, found 4 plugins.
Native extension for WindowsStandalone target not found
Native extension for Android target not found
Native extension for WebGL target not found
Package Manager log level set to [2]
[Package Manager] Server::EnsureServerProcessIsRunning -- launch failed, reason: Unity was launched with the -noUpm command-line argument
[Package Manager] UpmClient::Send -- Unable to send message (not connected to UPM process).
[Package Manager] Cannot connect to Unity Package Manager local server
Mono: successfully reloaded assembly
[Package Manager] Server::EnsureServerProcessIsRunning -- launch failed, reason: Unity was launched with the -noUpm command-line argument
[Package Manager] UpmClient::Send -- Unable to send message (not connected to UPM process).
[Package Manager] Cannot connect to Unity Package Manager local server
[Package Manager] Server::EnsureServerProcessIsRunning -- launch failed, reason: Unity was launched with the -noUpm command-line argument
[Package Manager] UpmClient::Send -- Unable to send message (not connected to UPM process).
[Package Manager] Cannot connect to Unity Package Manager local server
- Finished resetting the current domain, in 24.162 seconds
Domain Reload Profiling: 56415ms
	BeginReloadAssembly (19299ms)
		ExecutionOrderSort (0ms)
		DisableScriptedObjects (12ms)
		BackupInstance (0ms)
		ReleaseScriptingObjects (0ms)
		CreateAndSetChildDomain (150ms)
	RebuildCommonClasses (96ms)
	RebuildNativeTypeToScriptingClass (24ms)
	initialDomainReloadingComplete (518ms)
	LoadAllAssembliesAndSetupDomain (12313ms)
		LoadAssemblies (25487ms)
		RebuildTransferFunctionScriptingTraits (0ms)
		AnalyzeDomain (5314ms)
			TypeCache.Refresh (5109ms)
				TypeCache.ScanAssembly (3146ms)
			ScanForSourceGeneratedMonoScriptInfo (142ms)
			ResolveRequiredComponents (58ms)
	FinalizeReload (24165ms)
		ReleaseScriptCaches (0ms)
		RebuildScriptCaches (0ms)
		SetupLoadedEditorAssemblies (17348ms)
			LogAssemblyErrors (0ms)
			InitializePlatformSupportModulesInManaged (112ms)
			SetLoadedEditorAssemblies (7ms)
			RefreshPlugins (0ms)
			BeforeProcessingInitializeOnLoad (2295ms)
			ProcessInitializeOnLoadAttributes (13937ms)
			ProcessInitializeOnLoadMethodAttributes (960ms)
			AfterProcessingInitializeOnLoad (38ms)
			EditorAssembliesLoaded (1ms)
		ExecutionOrderSort2 (0ms)
		AwakeInstancesAfterBackupRestoration (42ms)
Switching build target platform(13) subTarget(0) extendedPlatform(0) -> platform(19) subTarget(0) extendedPlatform(0)
Launched and connected shader compiler UnityShaderCompiler.exe after 0.18 seconds
Refreshing native plugins compatible for Editor in 172.76 ms, found 4 plugins.
Preloading 0 native plugins for Editor in 0.00 ms.
Unloading 7164 Unused Serialized files (Serialized files now loaded: 0)
Unloading 142 unused Assets / (4.5 MB). Loaded Objects now: 7575.
Memory consumption went from 266.4 MB to 261.9 MB.
Total: 64.244400 ms (FindLiveObjects: 0.837400 ms CreateObjectMapping: 0.555800 ms MarkObjects: 58.865700 ms  DeleteObjects: 3.983500 ms)

AssetImportParameters requested are different than current active one (requested -> active):
  custom:container-demuxer-ogg: 62fdf1f143b41e24485cea50d1cbac27 -> 
  custom:framework-win-MediaFoundation: 216162199b28c13a410421893ffa2e32 -> 
  custom:container-muxer-webm: aa71ff27fc2769a1b78a27578f13a17b -> 
  custom:video-decoder-webm-vp8: 9c59270c3fd7afecdb556c50c9e8de78 -> 
  custom:SearchIndexIgnoredProperties: e643bd26f0fe6173181afceb89e7c659 -> 
  custom:AudioImporter_EditorPlatform: d09bf68614088b80899f8185d706f6e7 -> 
  custom:audio-decoder-ogg-vorbis: bf7c407c2cedff20999df2af8eb42d56 -> 
  custom:audio-encoder-webm-vorbis: bf7c407c2cedff20999df2af8eb42d56 -> 
  custom:video-decoder-ogg-theora: a1e56fd34408186e4bbccfd4996cb3dc -> 
  custom:CustomObjectIndexerAttribute: 72b91833f83ae208fae7752999fa3104 -> 
  custom:container-demuxer-webm: 4f35f7cbe854078d1ac9338744f61a02 -> 
  custom:video-encoder-webm-vp8: eb34c28f22e8b96e1ab97ce403110664 -> 
========================================================================
Received Prepare
Refreshing native plugins compatible for Editor in 206.18 ms, found 4 plugins.
Preloading 0 native plugins for Editor in 0.00 ms.
Unloading 43 Unused Serialized files (Serialized files now loaded: 0)
Unloading 43 unused Assets / (4.1 MB). Loaded Objects now: 7575.
Memory consumption went from 132.0 MB to 128.0 MB.
Total: 59.260100 ms (FindLiveObjects: 8.205600 ms CreateObjectMapping: 9.465600 ms MarkObjects: 32.828300 ms  DeleteObjects: 8.757100 ms)

Prepare: number of updated asset objects reloaded= 122
AssetImportParameters requested are different than current active one (requested -> active):
  custom:container-demuxer-ogg: 62fdf1f143b41e24485cea50d1cbac27 -> 
  custom:framework-win-MediaFoundation: 216162199b28c13a410421893ffa2e32 -> 
  custom:container-muxer-webm: aa71ff27fc2769a1b78a27578f13a17b -> 
  custom:video-decoder-webm-vp8: 9c59270c3fd7afecdb556c50c9e8de78 -> 
  custom:SearchIndexIgnoredProperties: e643bd26f0fe6173181afceb89e7c659 -> 
  custom:AudioImporter_EditorPlatform: d09bf68614088b80899f8185d706f6e7 -> 
  custom:audio-decoder-ogg-vorbis: bf7c407c2cedff20999df2af8eb42d56 -> 
  custom:audio-encoder-webm-vorbis: bf7c407c2cedff20999df2af8eb42d56 -> 
  custom:video-decoder-ogg-theora: a1e56fd34408186e4bbccfd4996cb3dc -> 
  custom:CustomObjectIndexerAttribute: 72b91833f83ae208fae7752999fa3104 -> 
  custom:container-demuxer-webm: 4f35f7cbe854078d1ac9338744f61a02 -> 
  custom:video-encoder-webm-vp8: eb34c28f22e8b96e1ab97ce403110664 -> 
========================================================================
Received Prepare
Refreshing native plugins compatible for Editor in 17.54 ms, found 4 plugins.
Preloading 0 native plugins for Editor in 0.00 ms.
Unloading 43 Unused Serialized files (Serialized files now loaded: 0)
Unloading 43 unused Assets / (4.1 MB). Loaded Objects now: 7575.
Memory consumption went from 131.2 MB to 127.1 MB.
Total: 9.419800 ms (FindLiveObjects: 0.579800 ms CreateObjectMapping: 0.270800 ms MarkObjects: 5.388000 ms  DeleteObjects: 3.179900 ms)

Prepare: number of updated asset objects reloaded= 0
AssetImportParameters requested are different than current active one (requested -> active):
  custom:container-demuxer-ogg: 62fdf1f143b41e24485cea50d1cbac27 -> 
  custom:framework-win-MediaFoundation: 216162199b28c13a410421893ffa2e32 -> 
  custom:container-muxer-webm: aa71ff27fc2769a1b78a27578f13a17b -> 
  custom:video-decoder-webm-vp8: 9c59270c3fd7afecdb556c50c9e8de78 -> 
  custom:SearchIndexIgnoredProperties: e643bd26f0fe6173181afceb89e7c659 -> 
  custom:AudioImporter_EditorPlatform: d09bf68614088b80899f8185d706f6e7 -> 
  custom:audio-decoder-ogg-vorbis: bf7c407c2cedff20999df2af8eb42d56 -> 
  custom:audio-encoder-webm-vorbis: bf7c407c2cedff20999df2af8eb42d56 -> 
  custom:video-decoder-ogg-theora: a1e56fd34408186e4bbccfd4996cb3dc -> 
  custom:CustomObjectIndexerAttribute: 72b91833f83ae208fae7752999fa3104 -> 
  custom:container-demuxer-webm: 4f35f7cbe854078d1ac9338744f61a02 -> 
  custom:video-encoder-webm-vp8: eb34c28f22e8b96e1ab97ce403110664 -> 
========================================================================
Received Import Request.
  Time since last request: 533885.479502 seconds.
  path: Assets/Scenes/last attempt.unity
  artifactKey: Guid(c5014f59ecad5de43979dcb1bdc96a2e) Importer(815301076,1909f56bfc062723c751e8b465ee728b)
Start importing Assets/Scenes/last attempt.unity using Guid(c5014f59ecad5de43979dcb1bdc96a2e) Importer(815301076,1909f56bfc062723c751e8b465ee728b)  -> (artifact id: 'cefe822b259dd6cd1f19edd703a85879') in 0.357391 seconds
Number of updated asset objects reloaded before import = 0
Number of asset objects unloaded after import = 0
========================================================================
Received Prepare
Begin MonoManager ReloadAssembly
- Loaded All Assemblies, in  3.144 seconds
Refreshing native plugins compatible for Editor in 24.59 ms, found 4 plugins.
Native extension for WindowsStandalone target not found
Native extension for Android target not found
Native extension for WebGL target not found
[Package Manager] Server::EnsureServerProcessIsRunning -- launch failed, reason: Unity was launched with the -noUpm command-line argument
[Package Manager] UpmClient::Send -- Unable to send message (not connected to UPM process).
[Package Manager] Cannot connect to Unity Package Manager local server
Mono: successfully reloaded assembly
[Package Manager] Server::EnsureServerProcessIsRunning -- launch failed, reason: Unity was launched with the -noUpm command-line argument
[Package Manager] UpmClient::Send -- Unable to send message (not connected to UPM process).
[Package Manager] Cannot connect to Unity Package Manager local server
- Finished resetting the current domain, in 13.870 seconds
Domain Reload Profiling: 16998ms
	BeginReloadAssembly (1157ms)
		ExecutionOrderSort (0ms)
		DisableScriptedObjects (79ms)
		BackupInstance (0ms)
		ReleaseScriptingObjects (1ms)
		CreateAndSetChildDomain (339ms)
	RebuildCommonClasses (82ms)
	RebuildNativeTypeToScriptingClass (31ms)
	initialDomainReloadingComplete (143ms)
	LoadAllAssembliesAndSetupDomain (1701ms)
		LoadAssemblies (1433ms)
		RebuildTransferFunctionScriptingTraits (0ms)
		AnalyzeDomain (552ms)
			TypeCache.Refresh (447ms)
				TypeCache.ScanAssembly (385ms)
			ScanForSourceGeneratedMonoScriptInfo (79ms)
			ResolveRequiredComponents (23ms)
	FinalizeReload (13884ms)
		ReleaseScriptCaches (0ms)
		RebuildScriptCaches (0ms)
		SetupLoadedEditorAssemblies (713ms)
			LogAssemblyErrors (0ms)
			InitializePlatformSupportModulesInManaged (26ms)
			SetLoadedEditorAssemblies (4ms)
			RefreshPlugins (0ms)
			BeforeProcessingInitializeOnLoad (74ms)
			ProcessInitializeOnLoadAttributes (509ms)
			ProcessInitializeOnLoadMethodAttributes (95ms)
			AfterProcessingInitializeOnLoad (5ms)
			EditorAssembliesLoaded (0ms)
		ExecutionOrderSort2 (0ms)
		AwakeInstancesAfterBackupRestoration (8ms)
Refreshing native plugins compatible for Editor in 5.17 ms, found 4 plugins.
Preloading 0 native plugins for Editor in 0.00 ms.
Unloading 7014 Unused Serialized files (Serialized files now loaded: 0)
Unloading 105 unused Assets / (5.2 MB). Loaded Objects now: 7581.
Memory consumption went from 264.2 MB to 259.1 MB.
Total: 5.688500 ms (FindLiveObjects: 0.399900 ms CreateObjectMapping: 0.233200 ms MarkObjects: 3.342500 ms  DeleteObjects: 1.711900 ms)

Prepare: number of updated asset objects reloaded= 1
AssetImportParameters requested are different than current active one (requested -> active):
  custom:container-demuxer-ogg: 62fdf1f143b41e24485cea50d1cbac27 -> 
  custom:framework-win-MediaFoundation: 216162199b28c13a410421893ffa2e32 -> 
  custom:container-muxer-webm: aa71ff27fc2769a1b78a27578f13a17b -> 
  custom:video-decoder-webm-vp8: 9c59270c3fd7afecdb556c50c9e8de78 -> 
  custom:SearchIndexIgnoredProperties: e643bd26f0fe6173181afceb89e7c659 -> 
  custom:AudioImporter_EditorPlatform: d09bf68614088b80899f8185d706f6e7 -> 
  custom:audio-decoder-ogg-vorbis: bf7c407c2cedff20999df2af8eb42d56 -> 
  custom:audio-encoder-webm-vorbis: bf7c407c2cedff20999df2af8eb42d56 -> 
  custom:video-decoder-ogg-theora: a1e56fd34408186e4bbccfd4996cb3dc -> 
  custom:CustomObjectIndexerAttribute: 72b91833f83ae208fae7752999fa3104 -> 
  custom:container-demuxer-webm: 4f35f7cbe854078d1ac9338744f61a02 -> 
  custom:video-encoder-webm-vp8: eb34c28f22e8b96e1ab97ce403110664 -> 
========================================================================
Received Import Request.
  Time since last request: 88.103841 seconds.
  path: Assets/Scenes/last attempt.unity
  artifactKey: Guid(c5014f59ecad5de43979dcb1bdc96a2e) Importer(2089858483,0ecaa5967403d082aa24f35e1b516d23)
Start importing Assets/Scenes/last attempt.unity using Guid(c5014f59ecad5de43979dcb1bdc96a2e) Importer(2089858483,0ecaa5967403d082aa24f35e1b516d23)  -> (artifact id: '6eda6c85498f6cca56403721d9cb2a33') in 0.320350 seconds
Number of updated asset objects reloaded before import = 1
Number of asset objects unloaded after import = 1
========================================================================
Received Import Request.
  Time since last request: 0.000123 seconds.
  path: Assets/XR/XRGeneralSettings.asset
  artifactKey: Guid(3fd4fc0127790db4bae83f7b77da8d45) Importer(2089858483,0ecaa5967403d082aa24f35e1b516d23)
Start importing Assets/XR/XRGeneralSettings.asset using Guid(3fd4fc0127790db4bae83f7b77da8d45) Importer(2089858483,0ecaa5967403d082aa24f35e1b516d23)  -> (artifact id: '818eb546e57d2be8986e7621e413d320') in 0.080026 seconds
Number of updated asset objects reloaded before import = 0
Number of asset objects unloaded after import = 1
========================================================================
Received Import Request.
  Time since last request: 0.000018 seconds.
  path: Assets/Settings/SampleSceneProfile.asset
  artifactKey: Guid(a6560a915ef98420e9faacc1c7438823) Importer(2089858483,0ecaa5967403d082aa24f35e1b516d23)
Start importing Assets/Settings/SampleSceneProfile.asset using Guid(a6560a915ef98420e9faacc1c7438823) Importer(2089858483,0ecaa5967403d082aa24f35e1b516d23)  -> (artifact id: '553ea448ca67a248b2213fe94a463405') in 0.037053 seconds
Number of updated asset objects reloaded before import = 0
Number of asset objects unloaded after import = 4
========================================================================
Received Import Request.
  Time since last request: 0.000186 seconds.
  path: Assets/Settings/URP-Performant-Renderer.asset
  artifactKey: Guid(585ae6eb13be34e26b0b5f03b3b6e073) Importer(2089858483,0ecaa5967403d082aa24f35e1b516d23)
Start importing Assets/Settings/URP-Performant-Renderer.asset using Guid(585ae6eb13be34e26b0b5f03b3b6e073) Importer(2089858483,0ecaa5967403d082aa24f35e1b516d23)  -> (artifact id: 'a3800a6fc6b9032c68a57d326337c14c') in 0.034225 seconds
Number of updated asset objects reloaded before import = 0
Number of asset objects unloaded after import = 1
========================================================================
Received Import Request.
  Time since last request: 0.000068 seconds.
  path: Assets/Settings/UniversalRenderPipelineGlobalSettings.asset
  artifactKey: Guid(18dc0cd2c080841dea60987a38ce93fa) Importer(2089858483,0ecaa5967403d082aa24f35e1b516d23)
Start importing Assets/Settings/UniversalRenderPipelineGlobalSettings.asset using Guid(18dc0cd2c080841dea60987a38ce93fa) Importer(2089858483,0ecaa5967403d082aa24f35e1b516d23)  -> (artifact id: '828db9c66e2f4d63ef41a350c4329030') in 0.039649 seconds
Number of updated asset objects reloaded before import = 0
Number of asset objects unloaded after import = 1
========================================================================
Received Import Request.
  Time since last request: 0.000077 seconds.
  path: Assets/Settings/URP-Performant.asset
  artifactKey: Guid(d0e2fc18fe036412f8223b3b3d9ad574) Importer(2089858483,0ecaa5967403d082aa24f35e1b516d23)
Start importing Assets/Settings/URP-Performant.asset using Guid(d0e2fc18fe036412f8223b3b3d9ad574) Importer(2089858483,0ecaa5967403d082aa24f35e1b516d23)  -> (artifact id: 'e38e555769ab339ddecd4d2319784fc3') in 0.044242 seconds
Number of updated asset objects reloaded before import = 0
Number of asset objects unloaded after import = 1
========================================================================
Received Import Request.
  Time since last request: 0.000022 seconds.
  path: Assets/Scenes/SampleScene.unity
  artifactKey: Guid(4755b35b590504809a7525fd2109c2e2) Importer(2089858483,0ecaa5967403d082aa24f35e1b516d23)
Start importing Assets/Scenes/SampleScene.unity using Guid(4755b35b590504809a7525fd2109c2e2) Importer(2089858483,0ecaa5967403d082aa24f35e1b516d23)  -> (artifact id: 'caf193d9a35886fe0ffd47fdd8560d1a') in 0.018277 seconds
Number of updated asset objects reloaded before import = 0
Number of asset objects unloaded after import = 1
========================================================================
Received Import Request.
  Time since last request: 0.083142 seconds.
  path: Assets/MobileARTemplateAssets/AffordanceThemes/TemplateColorAffordanceTheme.asset
  artifactKey: Guid(1e7f6f70c50e3864789127de6b014097) Importer(2089858483,0ecaa5967403d082aa24f35e1b516d23)
Start importing Assets/MobileARTemplateAssets/AffordanceThemes/TemplateColorAffordanceTheme.asset using Guid(1e7f6f70c50e3864789127de6b014097) Importer(2089858483,0ecaa5967403d082aa24f35e1b516d23)  -> (artifact id: 'f747f6376da844064bc463e928877792') in 0.044469 seconds
Number of updated asset objects reloaded before import = 0
Number of asset objects unloaded after import = 1
========================================================================
Received Import Request.
  Time since last request: 0.000111 seconds.
  path: Assets/TextMesh Pro/Resources/LineBreaking Leading Characters.txt
  artifactKey: Guid(d82c1b31c7e74239bff1220585707d2b) Importer(2089858483,0ecaa5967403d082aa24f35e1b516d23)
Start importing Assets/TextMesh Pro/Resources/LineBreaking Leading Characters.txt using Guid(d82c1b31c7e74239bff1220585707d2b) Importer(2089858483,0ecaa5967403d082aa24f35e1b516d23)  -> (artifact id: '04194c7b7df2f2f33ab6a800b66b34e7') in 0.033348 seconds
Number of updated asset objects reloaded before import = 0
Number of asset objects unloaded after import = 1
========================================================================
Received Import Request.
  Time since last request: 0.000019 seconds.
  path: Assets/TextMesh Pro/Shaders/TMPro_Mobile.cginc
  artifactKey: Guid(c334973cef89a9840b0b0c507e0377ab) Importer(2089858483,0ecaa5967403d082aa24f35e1b516d23)
Start importing Assets/TextMesh Pro/Shaders/TMPro_Mobile.cginc using Guid(c334973cef89a9840b0b0c507e0377ab) Importer(2089858483,0ecaa5967403d082aa24f35e1b516d23)  -> (artifact id: '851e40612b82d52fdda3d949f5c12e01') in 0.030037 seconds
Number of updated asset objects reloaded before import = 0
Number of asset objects unloaded after import = 1
========================================================================
Received Import Request.
  Time since last request: 0.000058 seconds.
  path: Assets/_ARMarker/Markers/MarkerIcons02.png
  artifactKey: Guid(d41ee5a11717416418f52e183dae2fbe) Importer(2089858483,0ecaa5967403d082aa24f35e1b516d23)
Start importing Assets/_ARMarker/Markers/MarkerIcons02.png using Guid(d41ee5a11717416418f52e183dae2fbe) Importer(2089858483,0ecaa5967403d082aa24f35e1b516d23)  -> (artifact id: '9a69e5df75fe60456c8ffd811e130be6') in 0.060941 seconds
Number of updated asset objects reloaded before import = 0
Number of asset objects unloaded after import = 1
========================================================================
Received Import Request.
  Time since last request: 0.000016 seconds.
  path: Assets/TextMesh Pro/Sprites/EmojiOne.json
  artifactKey: Guid(8f05276190cf498a8153f6cbe761d4e6) Importer(2089858483,0ecaa5967403d082aa24f35e1b516d23)
Start importing Assets/TextMesh Pro/Sprites/EmojiOne.json using Guid(8f05276190cf498a8153f6cbe761d4e6) Importer(2089858483,0ecaa5967403d082aa24f35e1b516d23)  -> (artifact id: 'b6b0d377f4a6b01c73c28083c26336c4') in 0.031459 seconds
Number of updated asset objects reloaded before import = 0
Number of asset objects unloaded after import = 1
========================================================================
Received Import Request.
  Time since last request: 0.000199 seconds.
  path: Assets/_ARMarker/Fonts/AlfaSlabOne-Regular.ttf
  artifactKey: Guid(24ba51b650eae3044aec41a56bf2f1bc) Importer(2089858483,0ecaa5967403d082aa24f35e1b516d23)
Start importing Assets/_ARMarker/Fonts/AlfaSlabOne-Regular.ttf using Guid(24ba51b650eae3044aec41a56bf2f1bc) Importer(2089858483,0ecaa5967403d082aa24f35e1b516d23)  -> (artifact id: '42f28a041906da6dc0f12e446fe1db02') in 0.067460 seconds
Number of updated asset objects reloaded before import = 0
Number of asset objects unloaded after import = 3
========================================================================
Received Import Request.
  Time since last request: 0.000020 seconds.
  path: Assets/TextMesh Pro/Shaders/TMPro.cginc
  artifactKey: Guid(407bc68d299748449bbf7f48ee690f8d) Importer(2089858483,0ecaa5967403d082aa24f35e1b516d23)
Start importing Assets/TextMesh Pro/Shaders/TMPro.cginc using Guid(407bc68d299748449bbf7f48ee690f8d) Importer(2089858483,0ecaa5967403d082aa24f35e1b516d23)  -> (artifact id: '5933dee3af18a6b5cddccfd7418ffd48') in 0.033661 seconds
Number of updated asset objects reloaded before import = 0
Number of asset objects unloaded after import = 1
========================================================================
Received Import Request.
  Time since last request: 0.000026 seconds.
  path: Assets/TextMesh Pro/Shaders/TMP_SDF-Mobile Overlay.shader
  artifactKey: Guid(a02a7d8c237544f1962732b55a9aebf1) Importer(2089858483,0ecaa5967403d082aa24f35e1b516d23)
Start importing Assets/TextMesh Pro/Shaders/TMP_SDF-Mobile Overlay.shader using Guid(a02a7d8c237544f1962732b55a9aebf1) Importer(2089858483,0ecaa5967403d082aa24f35e1b516d23)  -> (artifact id: '953d93f12883f55f1a7be286c0b405ba') in 0.029935 seconds
Number of updated asset objects reloaded before import = 0
Number of asset objects unloaded after import = 1
========================================================================
Received Import Request.
  Time since last request: 0.000024 seconds.
  path: Assets/MobileARTemplateAssets/Prefabs/WedgeVariant.prefab
  artifactKey: Guid(aaf6326249753074fbc1148303020f26) Importer(2089858483,0ecaa5967403d082aa24f35e1b516d23)
Start importing Assets/MobileARTemplateAssets/Prefabs/WedgeVariant.prefab using Guid(aaf6326249753074fbc1148303020f26) Importer(2089858483,0ecaa5967403d082aa24f35e1b516d23)  -> (artifact id: 'fc191afa458fda5aea9f2a845137e5dd') in 0.151777 seconds
Number of updated asset objects reloaded before import = 0
Number of asset objects unloaded after import = 45
========================================================================
Received Import Request.
  Time since last request: 0.000017 seconds.
  path: Assets/MobileARTemplateAssets/UI/Animation/Prompt_MoveObject.controller
  artifactKey: Guid(c6856fc029df4474a8aa6f22b6c8613f) Importer(2089858483,0ecaa5967403d082aa24f35e1b516d23)
Start importing Assets/MobileARTemplateAssets/UI/Animation/Prompt_MoveObject.controller using Guid(c6856fc029df4474a8aa6f22b6c8613f) Importer(2089858483,0ecaa5967403d082aa24f35e1b516d23)  -> (artifact id: 'ba73f19956c35224043ddf680873f12d') in 0.072080 seconds
Number of updated asset objects reloaded before import = 0
Number of asset objects unloaded after import = 4
========================================================================
Received Import Request.
  Time since last request: 0.000018 seconds.
  path: Assets/MobileARTemplateAssets/UI/Animation/Prompt_InputRotate.anim
  artifactKey: Guid(84983c16b0be742e79713e6c173e09b9) Importer(2089858483,0ecaa5967403d082aa24f35e1b516d23)
Start importing Assets/MobileARTemplateAssets/UI/Animation/Prompt_InputRotate.anim using Guid(84983c16b0be742e79713e6c173e09b9) Importer(2089858483,0ecaa5967403d082aa24f35e1b516d23)  -> (artifact id: 'dc552238a4201606d5b92ea843f8d49b') in 0.051413 seconds
Number of updated asset objects reloaded before import = 0
Number of asset objects unloaded after import = 1
========================================================================
Received Import Request.
  Time since last request: 0.000025 seconds.
  path: Assets/Settings/Project Configuration/SampleScene.unity
  artifactKey: Guid(99c9720ab356a0642a771bea13969a05) Importer(2089858483,0ecaa5967403d082aa24f35e1b516d23)
Start importing Assets/Settings/Project Configuration/SampleScene.unity using Guid(99c9720ab356a0642a771bea13969a05) Importer(2089858483,0ecaa5967403d082aa24f35e1b516d23)  -> (artifact id: 'cb4f2cb9f0ebf53f6dce7c265c19a485') in 0.020648 seconds
Number of updated asset objects reloaded before import = 0
Number of asset objects unloaded after import = 1
========================================================================
Received Import Request.
  Time since last request: 0.000059 seconds.
  path: Assets/_ARMarker/Markers/MarkerIcons01.png
  artifactKey: Guid(483682ee5d83f9b4f900d64387d5714f) Importer(2089858483,0ecaa5967403d082aa24f35e1b516d23)
Start importing Assets/_ARMarker/Markers/MarkerIcons01.png using Guid(483682ee5d83f9b4f900d64387d5714f) Importer(2089858483,0ecaa5967403d082aa24f35e1b516d23)  -> (artifact id: 'cc0190c0b3b120fdc63db0f00a222d73') in 0.029964 seconds
Number of updated asset objects reloaded before import = 0
Number of asset objects unloaded after import = 1
========================================================================
Received Import Request.
  Time since last request: 0.000041 seconds.
  path: Assets/XR/Settings/AR Kit Settings.asset
  artifactKey: Guid(0465d33c6aee55f44b0237db8b0e0259) Importer(2089858483,0ecaa5967403d082aa24f35e1b516d23)
Start importing Assets/XR/Settings/AR Kit Settings.asset using Guid(0465d33c6aee55f44b0237db8b0e0259) Importer(2089858483,0ecaa5967403d082aa24f35e1b516d23)  -> (artifact id: '709713eaa3a7cd37e3b487997f436405') in 0.027076 seconds
Number of updated asset objects reloaded before import = 0
Number of asset objects unloaded after import = 1
========================================================================
Received Import Request.
  Time since last request: 0.000080 seconds.
  path: Assets/MobileARTemplateAssets/Scripts/ARFeatheredPlaneMeshVisualizerCompanion.cs
  artifactKey: Guid(f8cec0b420e61fe41bb6ea180155de5b) Importer(2089858483,0ecaa5967403d082aa24f35e1b516d23)
Start importing Assets/MobileARTemplateAssets/Scripts/ARFeatheredPlaneMeshVisualizerCompanion.cs using Guid(f8cec0b420e61fe41bb6ea180155de5b) Importer(2089858483,0ecaa5967403d082aa24f35e1b516d23)  -> (artifact id: '4f78562df9614a350a9007017d226be4') in 0.028452 seconds
Number of updated asset objects reloaded before import = 0
Number of asset objects unloaded after import = 1
========================================================================
Received Import Request.
  Time since last request: 0.000023 seconds.
  path: Assets/TextMesh Pro/Sprites/EmojiOne.png
  artifactKey: Guid(dffef66376be4fa480fb02b19edbe903) Importer(2089858483,0ecaa5967403d082aa24f35e1b516d23)
Start importing Assets/TextMesh Pro/Sprites/EmojiOne.png using Guid(dffef66376be4fa480fb02b19edbe903) Importer(2089858483,0ecaa5967403d082aa24f35e1b516d23)  -> (artifact id: 'ca6f561a71e81e6c43a37f073b97b0e6') in 0.030519 seconds
Number of updated asset objects reloaded before import = 0
Number of asset objects unloaded after import = 1
========================================================================
Received Import Request.
  Time since last request: 0.000018 seconds.
  path: Assets/_ARMarker/Markers/possum.jpg
  artifactKey: Guid(4865fefb565e97c4ab6ccb2f873bf7dd) Importer(2089858483,0ecaa5967403d082aa24f35e1b516d23)
Start importing Assets/_ARMarker/Markers/possum.jpg using Guid(4865fefb565e97c4ab6ccb2f873bf7dd) Importer(2089858483,0ecaa5967403d082aa24f35e1b516d23)  -> (artifact id: '54f57048e8c0272e173a13a006d47ee5') in 0.037830 seconds
Number of updated asset objects reloaded before import = 0
Number of asset objects unloaded after import = 1
========================================================================
Received Import Request.
  Time since last request: 0.000039 seconds.
  path: Assets/_ARMarker/Prefabs/MyEnvironment.prefab
  artifactKey: Guid(688305cbc5e5d3c4c942b4ab2174e5a3) Importer(2089858483,0ecaa5967403d082aa24f35e1b516d23)
Start importing Assets/_ARMarker/Prefabs/MyEnvironment.prefab using Guid(688305cbc5e5d3c4c942b4ab2174e5a3) Importer(2089858483,0ecaa5967403d082aa24f35e1b516d23)  -> (artifact id: '6599f77d1ed49982d883cf37d9d55839') in 0.076986 seconds
Number of updated asset objects reloaded before import = 0
Number of asset objects unloaded after import = 39
========================================================================
Received Import Request.
  Time since last request: 0.000026 seconds.
  path: Assets/MobileARTemplateAssets/UI/Animation/Prompt_TapToPlace.controller
  artifactKey: Guid(fcdde18e252494d829bad47b6c18d058) Importer(2089858483,0ecaa5967403d082aa24f35e1b516d23)
Start importing Assets/MobileARTemplateAssets/UI/Animation/Prompt_TapToPlace.controller using Guid(fcdde18e252494d829bad47b6c18d058) Importer(2089858483,0ecaa5967403d082aa24f35e1b516d23)  -> (artifact id: '11ceef4a279be28b679ed32dc032b86c') in 0.075079 seconds
Number of updated asset objects reloaded before import = 0
Number of asset objects unloaded after import = 4
========================================================================
Received Import Request.
  Time since last request: 0.000019 seconds.
  path: Assets/MobileARTemplateAssets/Tutorial/TutorialWelcomePage.asset
  artifactKey: Guid(372cd04c6abd79145a59a935c886b287) Importer(2089858483,0ecaa5967403d082aa24f35e1b516d23)
Start importing Assets/MobileARTemplateAssets/Tutorial/TutorialWelcomePage.asset using Guid(372cd04c6abd79145a59a935c886b287) Importer(2089858483,0ecaa5967403d082aa24f35e1b516d23)  -> (artifact id: 'bbe345f557f3ac668d3d90ec35140fc7') in 0.053150 seconds
Number of updated asset objects reloaded before import = 0
Number of asset objects unloaded after import = 2
========================================================================
Received Import Request.
  Time since last request: 0.000017 seconds.
  path: Assets/TextMesh Pro/Shaders/TMP_Bitmap-Custom-Atlas.shader
  artifactKey: Guid(48bb5f55d8670e349b6e614913f9d910) Importer(2089858483,0ecaa5967403d082aa24f35e1b516d23)
Start importing Assets/TextMesh Pro/Shaders/TMP_Bitmap-Custom-Atlas.shader using Guid(48bb5f55d8670e349b6e614913f9d910) Importer(2089858483,0ecaa5967403d082aa24f35e1b516d23)  -> (artifact id: 'a0c3d4f5f30070223e1ba5aa3c2b0c71') in 0.024053 seconds
Number of updated asset objects reloaded before import = 0
Number of asset objects unloaded after import = 1
========================================================================
Received Import Request.
  Time since last request: 0.000019 seconds.
  path: Assets/XR/UserSimulationSettings/SimulationEnvironmentAssetsManager.asset
  artifactKey: Guid(5135c822e9b1a427ea0f817d7e0343a7) Importer(2089858483,0ecaa5967403d082aa24f35e1b516d23)
Start importing Assets/XR/UserSimulationSettings/SimulationEnvironmentAssetsManager.asset using Guid(5135c822e9b1a427ea0f817d7e0343a7) Importer(2089858483,0ecaa5967403d082aa24f35e1b516d23)  -> (artifact id: 'da1e06e3e2d163fe5a986deb70528599') in 0.038672 seconds
Number of updated asset objects reloaded before import = 0
Number of asset objects unloaded after import = 1
========================================================================
Received Import Request.
  Time since last request: 0.000021 seconds.
  path: Assets/_ARMarker/Fonts/BebasNeue-Regular SDF.asset
  artifactKey: Guid(6c0c79aabbe49ce44baa3a7098d7148b) Importer(2089858483,0ecaa5967403d082aa24f35e1b516d23)
Start importing Assets/_ARMarker/Fonts/BebasNeue-Regular SDF.asset using Guid(6c0c79aabbe49ce44baa3a7098d7148b) Importer(2089858483,0ecaa5967403d082aa24f35e1b516d23)  -> (artifact id: 'd8a4d73fcc0acfce9e1c4f4d2a70419f') in 0.056378 seconds
Number of updated asset objects reloaded before import = 0
Number of asset objects unloaded after import = 7
========================================================================
Received Import Request.
  Time since last request: 0.000025 seconds.
  path: Assets/_ARMarker/UI/UIButton3.png
  artifactKey: Guid(8d3663b910e5c7c45bbabe7f559ed673) Importer(2089858483,0ecaa5967403d082aa24f35e1b516d23)
Start importing Assets/_ARMarker/UI/UIButton3.png using Guid(8d3663b910e5c7c45bbabe7f559ed673) Importer(2089858483,0ecaa5967403d082aa24f35e1b516d23)  -> (artifact id: '05251d070db8f3f93c2b2b2922160168') in 0.031279 seconds
Number of updated asset objects reloaded before import = 0
Number of asset objects unloaded after import = 3
========================================================================
Received Import Request.
  Time since last request: 0.000018 seconds.
  path: Assets/_ARMarker/UI/UIPanel3.png
  artifactKey: Guid(b95491fae4ef08947a14c31a1095e861) Importer(2089858483,0ecaa5967403d082aa24f35e1b516d23)
Start importing Assets/_ARMarker/UI/UIPanel3.png using Guid(b95491fae4ef08947a14c31a1095e861) Importer(2089858483,0ecaa5967403d082aa24f35e1b516d23)  -> (artifact id: '9b3a3fef2343306068a1b6de7747d7b2') in 0.028285 seconds
Number of updated asset objects reloaded before import = 0
Number of asset objects unloaded after import = 3
========================================================================
Received Import Request.
  Time since last request: 0.000019 seconds.
  path: Assets/XRI/Settings/XRInteractionEditorSettings.asset
  artifactKey: Guid(7869eaf791ac4420f9fa96f08a288681) Importer(2089858483,0ecaa5967403d082aa24f35e1b516d23)
Start importing Assets/XRI/Settings/XRInteractionEditorSettings.asset using Guid(7869eaf791ac4420f9fa96f08a288681) Importer(2089858483,0ecaa5967403d082aa24f35e1b516d23)  -> (artifact id: 'b359c938b438d17d01519a514541d5f2') in 0.036924 seconds
Number of updated asset objects reloaded before import = 0
Number of asset objects unloaded after import = 1
========================================================================
Received Import Request.
  Time since last request: 0.000016 seconds.
  path: Assets/MobileARTemplateAssets/Shaders/URPShadowReceiver.shader
  artifactKey: Guid(fe6cf1cb2ef0b4ee9a5e5eca8e61e129) Importer(2089858483,0ecaa5967403d082aa24f35e1b516d23)
Start importing Assets/MobileARTemplateAssets/Shaders/URPShadowReceiver.shader using Guid(fe6cf1cb2ef0b4ee9a5e5eca8e61e129) Importer(2089858483,0ecaa5967403d082aa24f35e1b516d23)  -> (artifact id: 'd3f26fb737b6f511f6a6f46b81811d31') in 0.018501 seconds
Number of updated asset objects reloaded before import = 0
Number of asset objects unloaded after import = 1
========================================================================
Received Import Request.
  Time since last request: 0.000096 seconds.
  path: Assets/XR/Loaders/OpenXRLoader.asset
  artifactKey: Guid(1da541d6fbe8d4dfd8e9355f4dd301b2) Importer(2089858483,0ecaa5967403d082aa24f35e1b516d23)
Start importing Assets/XR/Loaders/OpenXRLoader.asset using Guid(1da541d6fbe8d4dfd8e9355f4dd301b2) Importer(2089858483,0ecaa5967403d082aa24f35e1b516d23)  -> (artifact id: '5c8d2c36b2c902ef1311475e2bec1dbd') in 0.033636 seconds
Number of updated asset objects reloaded before import = 0
Number of asset objects unloaded after import = 1
========================================================================
Received Import Request.
  Time since last request: 0.000019 seconds.
  path: Assets/MobileARTemplateAssets/UI/Prefabs/Prompt_ScaleObject.prefab
  artifactKey: Guid(02644bbd28622410a84cf154fc436b8a) Importer(2089858483,0ecaa5967403d082aa24f35e1b516d23)
Start importing Assets/MobileARTemplateAssets/UI/Prefabs/Prompt_ScaleObject.prefab using Guid(02644bbd28622410a84cf154fc436b8a) Importer(2089858483,0ecaa5967403d082aa24f35e1b516d23)  -> (artifact id: '52ac170eadc40b049743d347081cea05') in 0.098839 seconds
Number of updated asset objects reloaded before import = 0
Number of asset objects unloaded after import = 58
========================================================================
Received Import Request.
  Time since last request: 0.000021 seconds.
  path: Assets/MobileARTemplateAssets/UI/Prefabs/Prompt_RotateObject.prefab
  artifactKey: Guid(d6df0df54b7dd4cd9ae7fa880a63e827) Importer(2089858483,0ecaa5967403d082aa24f35e1b516d23)
Start importing Assets/MobileARTemplateAssets/UI/Prefabs/Prompt_RotateObject.prefab using Guid(d6df0df54b7dd4cd9ae7fa880a63e827) Importer(2089858483,0ecaa5967403d082aa24f35e1b516d23)  -> (artifact id: 'af5630008ff5e195821faddb292eed9a') in 0.075163 seconds
Number of updated asset objects reloaded before import = 0
Number of asset objects unloaded after import = 63
========================================================================
Received Import Request.
  Time since last request: 0.000024 seconds.
  path: Assets/MobileARTemplateAssets/UI/Sprites/Icon-Cube.png
  artifactKey: Guid(f9e6d8a7f941049e3a17d025c44a07e5) Importer(2089858483,0ecaa5967403d082aa24f35e1b516d23)
Start importing Assets/MobileARTemplateAssets/UI/Sprites/Icon-Cube.png using Guid(f9e6d8a7f941049e3a17d025c44a07e5) Importer(2089858483,0ecaa5967403d082aa24f35e1b516d23)  -> (artifact id: '050c6ccd399fbc1273c7eedb0024bd88') in 0.031487 seconds
Number of updated asset objects reloaded before import = 0
Number of asset objects unloaded after import = 3
========================================================================
Received Import Request.
  Time since last request: 0.000024 seconds.
  path: Assets/MobileARTemplateAssets/UI/Scripts/CutoutMaskUI.cs
  artifactKey: Guid(9b1dfbe88cc3d4ad28be616dfccd851b) Importer(2089858483,0ecaa5967403d082aa24f35e1b516d23)
Start importing Assets/MobileARTemplateAssets/UI/Scripts/CutoutMaskUI.cs using Guid(9b1dfbe88cc3d4ad28be616dfccd851b) Importer(2089858483,0ecaa5967403d082aa24f35e1b516d23)  -> (artifact id: 'b7f80ff9a1e55835e7d754559550fe5b') in 0.021473 seconds
Number of updated asset objects reloaded before import = 0
Number of asset objects unloaded after import = 1
========================================================================
Received Import Request.
  Time since last request: 0.000019 seconds.
  path: Assets/MobileARTemplateAssets/UI/Prefabs/Prompt_TapToPlace.prefab
  artifactKey: Guid(680c293bce53344a9b3f278826340ee0) Importer(2089858483,0ecaa5967403d082aa24f35e1b516d23)
Start importing Assets/MobileARTemplateAssets/UI/Prefabs/Prompt_TapToPlace.prefab using Guid(680c293bce53344a9b3f278826340ee0) Importer(2089858483,0ecaa5967403d082aa24f35e1b516d23)  -> (artifact id: 'f2d4342c18e2fcd3a6ddc8cc8cfad9fb') in 0.047699 seconds
Number of updated asset objects reloaded before import = 0
Number of asset objects unloaded after import = 59
========================================================================
Received Import Request.
  Time since last request: 0.000015 seconds.
  path: Assets/MobileARTemplateAssets/UI/Prefabs/Prompt_MoveObject.prefab
  artifactKey: Guid(dae86721c71ee42018bbec0181a4e52e) Importer(2089858483,0ecaa5967403d082aa24f35e1b516d23)
Start importing Assets/MobileARTemplateAssets/UI/Prefabs/Prompt_MoveObject.prefab using Guid(dae86721c71ee42018bbec0181a4e52e) Importer(2089858483,0ecaa5967403d082aa24f35e1b516d23)  -> (artifact id: '695c70b0c99392f9a84ad3060f556924') in 0.049509 seconds
Number of updated asset objects reloaded before import = 0
Number of asset objects unloaded after import = 53
========================================================================
Received Import Request.
  Time since last request: 0.000016 seconds.
  path: Assets/MobileARTemplateAssets/Shaders/InteractablePrimitive.shadergraph
  artifactKey: Guid(37c51f8d6a7e5674aab5ed399eaf0cfe) Importer(2089858483,0ecaa5967403d082aa24f35e1b516d23)
Start importing Assets/MobileARTemplateAssets/Shaders/InteractablePrimitive.shadergraph using Guid(37c51f8d6a7e5674aab5ed399eaf0cfe) Importer(2089858483,0ecaa5967403d082aa24f35e1b516d23)  -> (artifact id: '7eff43d2da1af2949bc12713ecfbf5f0') in 0.041691 seconds
Number of updated asset objects reloaded before import = 0
Number of asset objects unloaded after import = 3
========================================================================
Received Import Request.
  Time since last request: 0.000025 seconds.
  path: Assets/XR/Resources/XRSimulationRuntimeSettings.asset
  artifactKey: Guid(e9b2504bcc65542929413802f7fe8283) Importer(2089858483,0ecaa5967403d082aa24f35e1b516d23)
Start importing Assets/XR/Resources/XRSimulationRuntimeSettings.asset using Guid(e9b2504bcc65542929413802f7fe8283) Importer(2089858483,0ecaa5967403d082aa24f35e1b516d23)  -> (artifact id: '69953efea2c9df37fae24dfa2d4eb1cd') in 0.035856 seconds
Number of updated asset objects reloaded before import = 0
Number of asset objects unloaded after import = 1
========================================================================
Received Import Request.
  Time since last request: 0.000033 seconds.
  path: Assets/_ARMarker/Markers/BusinessCard.jpg
  artifactKey: Guid(c5dd9449f9806df4085d26121038dd59) Importer(2089858483,0ecaa5967403d082aa24f35e1b516d23)
Start importing Assets/_ARMarker/Markers/BusinessCard.jpg using Guid(c5dd9449f9806df4085d26121038dd59) Importer(2089858483,0ecaa5967403d082aa24f35e1b516d23)  -> (artifact id: '5b24be01fb9c91a2cad50f4fc18479f9') in 0.052272 seconds
Number of updated asset objects reloaded before import = 0
Number of asset objects unloaded after import = 1
========================================================================
Received Import Request.
  Time since last request: 0.000029 seconds.
  path: Assets/MobileARTemplateAssets/UI/Sprites/Icon-DeleteStroke.png
  artifactKey: Guid(8d991699eeb4f403c9eda28f96d7c6f6) Importer(2089858483,0ecaa5967403d082aa24f35e1b516d23)
Start importing Assets/MobileARTemplateAssets/UI/Sprites/Icon-DeleteStroke.png using Guid(8d991699eeb4f403c9eda28f96d7c6f6) Importer(2089858483,0ecaa5967403d082aa24f35e1b516d23)  -> (artifact id: 'bd445f66f5ddbb405f81de8265833c2a') in 0.029766 seconds
Number of updated asset objects reloaded before import = 0
Number of asset objects unloaded after import = 3
========================================================================
Received Import Request.
  Time since last request: 0.004825 seconds.
  path: Assets/MobileARTemplateAssets/UI/Sprites/Icon-Debug.png
  artifactKey: Guid(ed3bd8bef796a438dac8b778a887af91) Importer(2089858483,0ecaa5967403d082aa24f35e1b516d23)
Start importing Assets/MobileARTemplateAssets/UI/Sprites/Icon-Debug.png using Guid(ed3bd8bef796a438dac8b778a887af91) Importer(2089858483,0ecaa5967403d082aa24f35e1b516d23)  -> (artifact id: '1a65ad9ddf357dfdaa8dc94e32a2e062') in 0.033627 seconds
Number of updated asset objects reloaded before import = 0
Number of asset objects unloaded after import = 3
========================================================================
Received Import Request.
  Time since last request: 0.000017 seconds.
  path: Assets/MobileARTemplateAssets/UI/Sprites/Icon-Cube_Move.png
  artifactKey: Guid(4216aa950c3d04665ba85191ced11370) Importer(2089858483,0ecaa5967403d082aa24f35e1b516d23)
Start importing Assets/MobileARTemplateAssets/UI/Sprites/Icon-Cube_Move.png using Guid(4216aa950c3d04665ba85191ced11370) Importer(2089858483,0ecaa5967403d082aa24f35e1b516d23)  -> (artifact id: 'a32d8c18327b9821294f95a335f61316') in 0.033961 seconds
Number of updated asset objects reloaded before import = 0
Number of asset objects unloaded after import = 3
========================================================================
Received Import Request.
  Time since last request: 0.000018 seconds.
  path: Assets/MobileARTemplateAssets/UI/Sprites/Icon-Cube_Lift.png
  artifactKey: Guid(d156fc03d649f4bc99679bac977609a3) Importer(2089858483,0ecaa5967403d082aa24f35e1b516d23)
Start importing Assets/MobileARTemplateAssets/UI/Sprites/Icon-Cube_Lift.png using Guid(d156fc03d649f4bc99679bac977609a3) Importer(2089858483,0ecaa5967403d082aa24f35e1b516d23)  -> (artifact id: '324511739ca5189256dfe16857c866f5') in 0.030784 seconds
Number of updated asset objects reloaded before import = 0
Number of asset objects unloaded after import = 3
========================================================================
Received Import Request.
  Time since last request: 0.000021 seconds.
  path: Assets/_ARMarker/Sounds/SFXSparks.ogg
  artifactKey: Guid(a54337c14c4f04f748be561ba3b740d8) Importer(2089858483,0ecaa5967403d082aa24f35e1b516d23)
Start importing Assets/_ARMarker/Sounds/SFXSparks.ogg using Guid(a54337c14c4f04f748be561ba3b740d8) Importer(2089858483,0ecaa5967403d082aa24f35e1b516d23)  -> (artifact id: '7239a65914742d19cd0f9337fef452fb') in 0.108659 seconds
Number of updated asset objects reloaded before import = 0
Number of asset objects unloaded after import = 1
========================================================================
Received Import Request.
  Time since last request: 0.000044 seconds.
  path: Assets/MobileARTemplateAssets/UI/Prefabs/GreetingCTA.prefab
  artifactKey: Guid(063cc896506b947c7b2c2ae3beb5868f) Importer(2089858483,0ecaa5967403d082aa24f35e1b516d23)
Start importing Assets/MobileARTemplateAssets/UI/Prefabs/GreetingCTA.prefab using Guid(063cc896506b947c7b2c2ae3beb5868f) Importer(2089858483,0ecaa5967403d082aa24f35e1b516d23)  -> (artifact id: 'bf63c8778a742fd98a53b88bbe637cf2') in 0.061117 seconds
Number of updated asset objects reloaded before import = 0
Number of asset objects unloaded after import = 46
========================================================================
Received Import Request.
  Time since last request: 0.000016 seconds.
  path: Assets/MobileARTemplateAssets/Materials/OcclusionMaterial.mat
  artifactKey: Guid(b1c0a3539eb5c4008ac8cbe31431cb49) Importer(2089858483,0ecaa5967403d082aa24f35e1b516d23)
Start importing Assets/MobileARTemplateAssets/Materials/OcclusionMaterial.mat using Guid(b1c0a3539eb5c4008ac8cbe31431cb49) Importer(2089858483,0ecaa5967403d082aa24f35e1b516d23)  -> (artifact id: '3e20b76f671e1619a512c2c5b1f99dbe') in 0.032526 seconds
Number of updated asset objects reloaded before import = 0
Number of asset objects unloaded after import = 1
========================================================================
Received Import Request.
  Time since last request: 0.000019 seconds.
  path: Assets/MobileARTemplateAssets/UI/Sprites/Icon-Cube_Rotate.png
  artifactKey: Guid(23564d3378a9d4983988576f242089eb) Importer(2089858483,0ecaa5967403d082aa24f35e1b516d23)
Start importing Assets/MobileARTemplateAssets/UI/Sprites/Icon-Cube_Rotate.png using Guid(23564d3378a9d4983988576f242089eb) Importer(2089858483,0ecaa5967403d082aa24f35e1b516d23)  -> (artifact id: 'e1d2cffeb45dce4dc4b21d41960a75c5') in 0.028961 seconds
Number of updated asset objects reloaded before import = 0
Number of asset objects unloaded after import = 3
========================================================================
Received Import Request.
  Time since last request: 0.000018 seconds.
  path: Assets/MobileARTemplateAssets/UI/Animation/Prompt_Scan.controller
  artifactKey: Guid(ea151e2d3b2214ee0bfefd766e44000d) Importer(2089858483,0ecaa5967403d082aa24f35e1b516d23)
Start importing Assets/MobileARTemplateAssets/UI/Animation/Prompt_Scan.controller using Guid(ea151e2d3b2214ee0bfefd766e44000d) Importer(2089858483,0ecaa5967403d082aa24f35e1b516d23)  -> (artifact id: 'e27a6d1c7e32948ce240f4d583d89726') in 0.051965 seconds
Number of updated asset objects reloaded before import = 0
Number of asset objects unloaded after import = 4
========================================================================
Received Import Request.
  Time since last request: 0.000017 seconds.
  path: Assets/MobileARTemplateAssets/UI/Sprites/Icon-MoveAxisGizmos.png
  artifactKey: Guid(51013162d2e1a4a09ae16e48154ceb5f) Importer(2089858483,0ecaa5967403d082aa24f35e1b516d23)
Start importing Assets/MobileARTemplateAssets/UI/Sprites/Icon-MoveAxisGizmos.png using Guid(51013162d2e1a4a09ae16e48154ceb5f) Importer(2089858483,0ecaa5967403d082aa24f35e1b516d23)  -> (artifact id: '57c460bde12e0357d00efb86eb045a31') in 0.037925 seconds
Number of updated asset objects reloaded before import = 0
Number of asset objects unloaded after import = 3
========================================================================
Received Import Request.
  Time since last request: 0.000021 seconds.
  path: Assets/MobileARTemplateAssets/UI/Sprites/Icon-MobileDevice.png
  artifactKey: Guid(77b98ffe803d34babb583459ea03da9d) Importer(2089858483,0ecaa5967403d082aa24f35e1b516d23)
Start importing Assets/MobileARTemplateAssets/UI/Sprites/Icon-MobileDevice.png using Guid(77b98ffe803d34babb583459ea03da9d) Importer(2089858483,0ecaa5967403d082aa24f35e1b516d23)  -> (artifact id: 'e7e3e5a33bf7f6c3051daa1c2f1a23e4') in 0.026621 seconds
Number of updated asset objects reloaded before import = 0
Number of asset objects unloaded after import = 3
========================================================================
Received Import Request.
  Time since last request: 0.000026 seconds.
  path: Assets/_ARMarker/Sounds/SFXHauntedHouseAmbience.wav
  artifactKey: Guid(404b0c67e768d064b8a396b551fa501a) Importer(2089858483,0ecaa5967403d082aa24f35e1b516d23)
Start importing Assets/_ARMarker/Sounds/SFXHauntedHouseAmbience.wav using Guid(404b0c67e768d064b8a396b551fa501a) Importer(2089858483,0ecaa5967403d082aa24f35e1b516d23)  -> (artifact id: '9c93e2c89dcbc1f47c34a50b48ddbf9f') in 0.189338 seconds
Number of updated asset objects reloaded before import = 0
Number of asset objects unloaded after import = 1
========================================================================
Received Import Request.
  Time since last request: 0.000017 seconds.
  path: Assets/MobileARTemplateAssets/UI/Sprites/Icon-Gesture_PinchOpen.png
  artifactKey: Guid(ea3ca2f27abcc4058832d7106dab9223) Importer(2089858483,0ecaa5967403d082aa24f35e1b516d23)
Start importing Assets/MobileARTemplateAssets/UI/Sprites/Icon-Gesture_PinchOpen.png using Guid(ea3ca2f27abcc4058832d7106dab9223) Importer(2089858483,0ecaa5967403d082aa24f35e1b516d23)  -> (artifact id: '46c1c25dc5e38630cb0fabc2e77d6e63') in 0.029231 seconds
Number of updated asset objects reloaded before import = 0
Number of asset objects unloaded after import = 3
========================================================================
Received Import Request.
  Time since last request: 0.000021 seconds.
  path: Assets/_ARMarker/UI/UIButton2.png
  artifactKey: Guid(b049f43bf4148304fb708ea1a1efe4b5) Importer(2089858483,0ecaa5967403d082aa24f35e1b516d23)
Start importing Assets/_ARMarker/UI/UIButton2.png using Guid(b049f43bf4148304fb708ea1a1efe4b5) Importer(2089858483,0ecaa5967403d082aa24f35e1b516d23)  -> (artifact id: 'aa34d9a00a7199fd0fd7acc3d74d164a') in 0.042445 seconds
Number of updated asset objects reloaded before import = 0
Number of asset objects unloaded after import = 3
========================================================================
Received Import Request.
  Time since last request: 0.000028 seconds.
  path: Assets/TextMesh Pro/Documentation/TextMesh Pro User Guide 2016.pdf
  artifactKey: Guid(1b8d251f9af63b746bf2f7ffe00ebb9b) Importer(2089858483,0ecaa5967403d082aa24f35e1b516d23)
Start importing Assets/TextMesh Pro/Documentation/TextMesh Pro User Guide 2016.pdf using Guid(1b8d251f9af63b746bf2f7ffe00ebb9b) Importer(2089858483,0ecaa5967403d082aa24f35e1b516d23)  -> (artifact id: '438dc6c7d228bd865a09436b8a9980f3') in 0.017435 seconds
Number of updated asset objects reloaded before import = 0
Number of asset objects unloaded after import = 1
========================================================================
Received Import Request.
  Time since last request: 0.000019 seconds.
  path: Assets/_ARMarker/Sounds/SFXGhostMove.wav
  artifactKey: Guid(762ddedaca9d3b348bc049244a2d0b92) Importer(2089858483,0ecaa5967403d082aa24f35e1b516d23)
Start importing Assets/_ARMarker/Sounds/SFXGhostMove.wav using Guid(762ddedaca9d3b348bc049244a2d0b92) Importer(2089858483,0ecaa5967403d082aa24f35e1b516d23)  -> (artifact id: '7b8a8501fc1fd1c06984cebeb7850f26') in 0.112528 seconds
Number of updated asset objects reloaded before import = 0
Number of asset objects unloaded after import = 1
========================================================================
Received Import Request.
  Time since last request: 0.001015 seconds.
  path: Assets/MobileARTemplateAssets/UI/Sprites/Icon-Unity.png
  artifactKey: Guid(8a45b30277e4e4bf0a2104b9870d433b) Importer(2089858483,0ecaa5967403d082aa24f35e1b516d23)
Start importing Assets/MobileARTemplateAssets/UI/Sprites/Icon-Unity.png using Guid(8a45b30277e4e4bf0a2104b9870d433b) Importer(2089858483,0ecaa5967403d082aa24f35e1b516d23)  -> (artifact id: 'd2b6ebe1eec028b7ef2795ea3c56ab35') in 0.029428 seconds
Number of updated asset objects reloaded before import = 0
Number of asset objects unloaded after import = 3
========================================================================
Received Import Request.
  Time since last request: 0.000018 seconds.
  path: Assets/XR/Settings/OpenXR Package Settings.asset
  artifactKey: Guid(b07c4ba7650be4c25b3d0c497e7e2bb8) Importer(2089858483,0ecaa5967403d082aa24f35e1b516d23)
Start importing Assets/XR/Settings/OpenXR Package Settings.asset using Guid(b07c4ba7650be4c25b3d0c497e7e2bb8) Importer(2089858483,0ecaa5967403d082aa24f35e1b516d23)  -> (artifact id: '075ed79ba78bfd24105c154726379b7d') in 0.035048 seconds
Number of updated asset objects reloaded before import = 0
Number of asset objects unloaded after import = 1
========================================================================
Received Import Request.
  Time since last request: 0.000021 seconds.
  path: Assets/_ARMarker/Fonts/Lato-Black.ttf
  artifactKey: Guid(7327a9ece7717b44b8bbe449d40e4b31) Importer(2089858483,0ecaa5967403d082aa24f35e1b516d23)
Start importing Assets/_ARMarker/Fonts/Lato-Black.ttf using Guid(7327a9ece7717b44b8bbe449d40e4b31) Importer(2089858483,0ecaa5967403d082aa24f35e1b516d23)  -> (artifact id: '6878020547fbd99841de4d1a5add7a69') in 0.023189 seconds
Number of updated asset objects reloaded before import = 0
Number of asset objects unloaded after import = 3
========================================================================
Received Import Request.
  Time since last request: 0.000029 seconds.
  path: Assets/MobileARTemplateAssets/UI/Animation/Prompt_Manipulate.controller
  artifactKey: Guid(630b9a6140ec74031af7049eda0e0f12) Importer(2089858483,0ecaa5967403d082aa24f35e1b516d23)
Start importing Assets/MobileARTemplateAssets/UI/Animation/Prompt_Manipulate.controller using Guid(630b9a6140ec74031af7049eda0e0f12) Importer(2089858483,0ecaa5967403d082aa24f35e1b516d23)  -> (artifact id: '7467a76a3394868b8fbc38b56cde8d55') in 0.037978 seconds
Number of updated asset objects reloaded before import = 0
Number of asset objects unloaded after import = 11
========================================================================
Received Import Request.
  Time since last request: 0.000017 seconds.
  path: Assets/MobileARTemplateAssets/UI/Sprites/ActivationButtonOpaque.png
  artifactKey: Guid(d4af31c9cd405426488b1eaf34c38a9e) Importer(2089858483,0ecaa5967403d082aa24f35e1b516d23)
Start importing Assets/MobileARTemplateAssets/UI/Sprites/ActivationButtonOpaque.png using Guid(d4af31c9cd405426488b1eaf34c38a9e) Importer(2089858483,0ecaa5967403d082aa24f35e1b516d23)  -> (artifact id: '03c2d3c6cc30b9f153720c87a0c906eb') in 0.036686 seconds
Number of updated asset objects reloaded before import = 0
Number of asset objects unloaded after import = 3
========================================================================
Received Import Request.
  Time since last request: 0.000019 seconds.
  path: Assets/MobileARTemplateAssets/UI/Fonts/OFL.txt
  artifactKey: Guid(b95a3d6a9b91e490abb2ad42ea8a6404) Importer(2089858483,0ecaa5967403d082aa24f35e1b516d23)
Start importing Assets/MobileARTemplateAssets/UI/Fonts/OFL.txt using Guid(b95a3d6a9b91e490abb2ad42ea8a6404) Importer(2089858483,0ecaa5967403d082aa24f35e1b516d23)  -> (artifact id: 'afe26125a2a3de4d8d30ab999c89d3ad') in 0.031318 seconds
Number of updated asset objects reloaded before import = 0
Number of asset objects unloaded after import = 1
========================================================================
Received Import Request.
  Time since last request: 0.000021 seconds.
  path: Assets/MobileARTemplateAssets/Materials/ShadowReceiver.mat
  artifactKey: Guid(e7ccb5d1ec226ea42b48985eb9615de6) Importer(2089858483,0ecaa5967403d082aa24f35e1b516d23)
Start importing Assets/MobileARTemplateAssets/Materials/ShadowReceiver.mat using Guid(e7ccb5d1ec226ea42b48985eb9615de6) Importer(2089858483,0ecaa5967403d082aa24f35e1b516d23)  -> (artifact id: 'df9baaf7021ea4389bfc59f6cf53265d') in 0.053717 seconds
Number of updated asset objects reloaded before import = 0
Number of asset objects unloaded after import = 2
========================================================================
Received Import Request.
  Time since last request: 0.000022 seconds.
  path: Assets/Settings/Project Configuration/TemplateImage.png
  artifactKey: Guid(5843b284d48a6ff4193b606a018b6bd2) Importer(2089858483,0ecaa5967403d082aa24f35e1b516d23)
Start importing Assets/Settings/Project Configuration/TemplateImage.png using Guid(5843b284d48a6ff4193b606a018b6bd2) Importer(2089858483,0ecaa5967403d082aa24f35e1b516d23)  -> (artifact id: 'b2b4a3477680febf43798a52aad5267e') in 0.031431 seconds
Number of updated asset objects reloaded before import = 0
Number of asset objects unloaded after import = 1
========================================================================
Received Import Request.
  Time since last request: 0.000025 seconds.
  path: Assets/MobileARTemplateAssets/Materials/Concrete_Normal.tif
  artifactKey: Guid(ac1389e5bfca4384da60ced0c25f4a68) Importer(2089858483,0ecaa5967403d082aa24f35e1b516d23)
Start importing Assets/MobileARTemplateAssets/Materials/Concrete_Normal.tif using Guid(ac1389e5bfca4384da60ced0c25f4a68) Importer(2089858483,0ecaa5967403d082aa24f35e1b516d23)  -> (artifact id: '4f93e92cb02a9f5e36eced3df9ad4e87') in 0.038156 seconds
Number of updated asset objects reloaded before import = 0
Number of asset objects unloaded after import = 1
========================================================================
Received Import Request.
  Time since last request: 0.000042 seconds.
  path: Assets/TextMesh Pro/Shaders/TMP_Sprite.shader
  artifactKey: Guid(cf81c85f95fe47e1a27f6ae460cf182c) Importer(2089858483,0ecaa5967403d082aa24f35e1b516d23)
Start importing Assets/TextMesh Pro/Shaders/TMP_Sprite.shader using Guid(cf81c85f95fe47e1a27f6ae460cf182c) Importer(2089858483,0ecaa5967403d082aa24f35e1b516d23)  -> (artifact id: 'f9ff6790a328f2ae2d911519d78792fe') in 0.022863 seconds
Number of updated asset objects reloaded before import = 0
Number of asset objects unloaded after import = 1
========================================================================
Received Import Request.
  Time since last request: 0.000022 seconds.
  path: Assets/MobileARTemplateAssets/UI/Animation/Prompt_ScaleObject.controller
  artifactKey: Guid(2c516ede2edf144c19a6954317385249) Importer(2089858483,0ecaa5967403d082aa24f35e1b516d23)
Start importing Assets/MobileARTemplateAssets/UI/Animation/Prompt_ScaleObject.controller using Guid(2c516ede2edf144c19a6954317385249) Importer(2089858483,0ecaa5967403d082aa24f35e1b516d23)  -> (artifact id: 'b22438b24a45775ae4d8f79ac53bae3a') in 0.021330 seconds
Number of updated asset objects reloaded before import = 0
Number of asset objects unloaded after import = 4
========================================================================
Received Import Request.
  Time since last request: 0.000018 seconds.
  path: Assets/MobileARTemplateAssets/UI/Animation/Prompt_InputScale.anim
  artifactKey: Guid(101d4ee47c5934fcd8a560565096f04c) Importer(2089858483,0ecaa5967403d082aa24f35e1b516d23)
Start importing Assets/MobileARTemplateAssets/UI/Animation/Prompt_InputScale.anim using Guid(101d4ee47c5934fcd8a560565096f04c) Importer(2089858483,0ecaa5967403d082aa24f35e1b516d23)  -> (artifact id: '5edf1ae66d8947637c9299f85d2da2b0') in 0.020430 seconds
Number of updated asset objects reloaded before import = 0
Number of asset objects unloaded after import = 1
========================================================================
Received Import Request.
  Time since last request: 0.000018 seconds.
  path: Assets/MobileARTemplateAssets/UI/Animation/Prompt_TapToPlace.anim
  artifactKey: Guid(fd690ccfb2a3e4337b630f8dc325a691) Importer(2089858483,0ecaa5967403d082aa24f35e1b516d23)
Start importing Assets/MobileARTemplateAssets/UI/Animation/Prompt_TapToPlace.anim using Guid(fd690ccfb2a3e4337b630f8dc325a691) Importer(2089858483,0ecaa5967403d082aa24f35e1b516d23)  -> (artifact id: '9a4c41c96f142a1295d2a57552dee356') in 0.020368 seconds
Number of updated asset objects reloaded before import = 0
Number of asset objects unloaded after import = 1
========================================================================
Received Import Request.
  Time since last request: 0.000020 seconds.
  path: Assets/TextMesh Pro/Sprites/EmojiOne Attribution.txt
  artifactKey: Guid(381dcb09d5029d14897e55f98031fca5) Importer(2089858483,0ecaa5967403d082aa24f35e1b516d23)
Start importing Assets/TextMesh Pro/Sprites/EmojiOne Attribution.txt using Guid(381dcb09d5029d14897e55f98031fca5) Importer(2089858483,0ecaa5967403d082aa24f35e1b516d23)  -> (artifact id: 'a9b2100f48a4a50818e380fa56c15b25') in 0.031013 seconds
Number of updated asset objects reloaded before import = 0
Number of asset objects unloaded after import = 1
========================================================================
Received Import Request.
  Time since last request: 0.000141 seconds.
  path: Assets/MobileARTemplateAssets/Shaders/PlaneOcclusionShader.shader
  artifactKey: Guid(cfffb87d2f3f04b62ac8dc5807c4ca32) Importer(2089858483,0ecaa5967403d082aa24f35e1b516d23)
Start importing Assets/MobileARTemplateAssets/Shaders/PlaneOcclusionShader.shader using Guid(cfffb87d2f3f04b62ac8dc5807c4ca32) Importer(2089858483,0ecaa5967403d082aa24f35e1b516d23)  -> (artifact id: '73ad0da576ff38478f7bd3a170238bd4') in 0.020450 seconds
Number of updated asset objects reloaded before import = 0
Number of asset objects unloaded after import = 1
========================================================================
Received Import Request.
  Time since last request: 0.000019 seconds.
  path: Assets/MobileARTemplateAssets/Prefabs/ArchVariant.prefab
  artifactKey: Guid(b1b37ac0eaa6a9a4785fc1f26065e8b3) Importer(2089858483,0ecaa5967403d082aa24f35e1b516d23)
Start importing Assets/MobileARTemplateAssets/Prefabs/ArchVariant.prefab using Guid(b1b37ac0eaa6a9a4785fc1f26065e8b3) Importer(2089858483,0ecaa5967403d082aa24f35e1b516d23)  -> (artifact id: 'c98163e4c20dc951364e413f9d1e231d') in 0.062863 seconds
Number of updated asset objects reloaded before import = 0
Number of asset objects unloaded after import = 41
========================================================================
Received Import Request.
  Time since last request: 0.000018 seconds.
  path: Assets/TextMesh Pro/Shaders/TMP_SDF-Mobile Masking.shader
  artifactKey: Guid(bc1ede39bf3643ee8e493720e4259791) Importer(2089858483,0ecaa5967403d082aa24f35e1b516d23)
Start importing Assets/TextMesh Pro/Shaders/TMP_SDF-Mobile Masking.shader using Guid(bc1ede39bf3643ee8e493720e4259791) Importer(2089858483,0ecaa5967403d082aa24f35e1b516d23)  -> (artifact id: 'e149ad744883da2e732ed10b4fbe0fb4') in 0.028323 seconds
Number of updated asset objects reloaded before import = 0
Number of asset objects unloaded after import = 1
========================================================================
Received Import Request.
  Time since last request: 0.000030 seconds.
  path: Assets/MobileARTemplateAssets/Shaders/ShadowReceiver/ShadowReceiverShaderFunctions.hlsl
  artifactKey: Guid(e41f4776f7aff5545b8a2e1f950354f7) Importer(2089858483,0ecaa5967403d082aa24f35e1b516d23)
Start importing Assets/MobileARTemplateAssets/Shaders/ShadowReceiver/ShadowReceiverShaderFunctions.hlsl using Guid(e41f4776f7aff5545b8a2e1f950354f7) Importer(2089858483,0ecaa5967403d082aa24f35e1b516d23)  -> (artifact id: 'bfe9f0561b8bf7c0b77b858dddc98cef') in 0.029579 seconds
Number of updated asset objects reloaded before import = 0
Number of asset objects unloaded after import = 1
========================================================================
Received Import Request.
  Time since last request: 0.000072 seconds.
  path: Assets/MobileARTemplateAssets/UI/Fonts/Inter-Regular_SDF_Underlay.mat
  artifactKey: Guid(9df90d896a1f14b39a85af1c83541d54) Importer(2089858483,0ecaa5967403d082aa24f35e1b516d23)
Start importing Assets/MobileARTemplateAssets/UI/Fonts/Inter-Regular_SDF_Underlay.mat using Guid(9df90d896a1f14b39a85af1c83541d54) Importer(2089858483,0ecaa5967403d082aa24f35e1b516d23)  -> (artifact id: '168d04165237aeaf6e63990f5af5a77a') in 0.037244 seconds
Number of updated asset objects reloaded before import = 0
Number of asset objects unloaded after import = 3
========================================================================
Received Import Request.
  Time since last request: 0.000017 seconds.
  path: Assets/TextMesh Pro/Resources/Fonts & Materials/LiberationSans SDF - Drop Shadow.mat
  artifactKey: Guid(e73a58f6e2794ae7b1b7e50b7fb811b0) Importer(2089858483,0ecaa5967403d082aa24f35e1b516d23)
Start importing Assets/TextMesh Pro/Resources/Fonts & Materials/LiberationSans SDF - Drop Shadow.mat using Guid(e73a58f6e2794ae7b1b7e50b7fb811b0) Importer(2089858483,0ecaa5967403d082aa24f35e1b516d23)  -> (artifact id: '252bb018078e02f3b3eb8dd630a6be44') in 0.043685 seconds
Number of updated asset objects reloaded before import = 0
Number of asset objects unloaded after import = 3
========================================================================
Received Import Request.
  Time since last request: 0.000018 seconds.
  path: Assets/XRI/Settings/Resources/XRDeviceSimulatorSettings.asset
  artifactKey: Guid(950b9537b4f99471f8d544531f6f369d) Importer(2089858483,0ecaa5967403d082aa24f35e1b516d23)
Start importing Assets/XRI/Settings/Resources/XRDeviceSimulatorSettings.asset using Guid(950b9537b4f99471f8d544531f6f369d) Importer(2089858483,0ecaa5967403d082aa24f35e1b516d23)  -> (artifact id: '94bd72fee6dfa2b6ad0cb914299c685e') in 0.033680 seconds
Number of updated asset objects reloaded before import = 0
Number of asset objects unloaded after import = 1
========================================================================
Received Import Request.
  Time since last request: 0.000019 seconds.
  path: Assets/MobileARTemplateAssets/UI/Sprites/RoundRadius_10_Bottom.png
  artifactKey: Guid(a818095c8b1764314a4e258bb61fcd45) Importer(2089858483,0ecaa5967403d082aa24f35e1b516d23)
Start importing Assets/MobileARTemplateAssets/UI/Sprites/RoundRadius_10_Bottom.png using Guid(a818095c8b1764314a4e258bb61fcd45) Importer(2089858483,0ecaa5967403d082aa24f35e1b516d23)  -> (artifact id: '39b326450fe8132c34ddc7634651f18c') in 0.033041 seconds
Number of updated asset objects reloaded before import = 0
Number of asset objects unloaded after import = 3
========================================================================
Received Import Request.
  Time since last request: 0.000024 seconds.
  path: Assets/MobileARTemplateAssets/UI/Sprites/RoundRadius_10_Top.png
  artifactKey: Guid(7d01881b9d63e4eab9964dcbe672835a) Importer(2089858483,0ecaa5967403d082aa24f35e1b516d23)
Start importing Assets/MobileARTemplateAssets/UI/Sprites/RoundRadius_10_Top.png using Guid(7d01881b9d63e4eab9964dcbe672835a) Importer(2089858483,0ecaa5967403d082aa24f35e1b516d23)  -> (artifact id: '47bc07b847dc8cfeef643f979a8b4e39') in 0.039167 seconds
Number of updated asset objects reloaded before import = 0
Number of asset objects unloaded after import = 3
========================================================================
Received Import Request.
  Time since last request: 0.000151 seconds.
  path: Assets/_ARMarker/Materials/BeachsideTown/BeachBall.mat
  artifactKey: Guid(b7d285a48ca3dbc4db06b8931b05c8f1) Importer(2089858483,0ecaa5967403d082aa24f35e1b516d23)
Start importing Assets/_ARMarker/Materials/BeachsideTown/BeachBall.mat using Guid(b7d285a48ca3dbc4db06b8931b05c8f1) Importer(2089858483,0ecaa5967403d082aa24f35e1b516d23)  -> (artifact id: 'fd185faac939c43a3b1c98ce51dd054a') in 0.045061 seconds
Number of updated asset objects reloaded before import = 0
Number of asset objects unloaded after import = 2
========================================================================
Received Import Request.
  Time since last request: 0.000019 seconds.
  path: Assets/XRI/Settings/Resources/InteractionLayerSettings.asset
  artifactKey: Guid(25278d50b25ae43d99f744a97af8204e) Importer(2089858483,0ecaa5967403d082aa24f35e1b516d23)
Start importing Assets/XRI/Settings/Resources/InteractionLayerSettings.asset using Guid(25278d50b25ae43d99f744a97af8204e) Importer(2089858483,0ecaa5967403d082aa24f35e1b516d23)  -> (artifact id: 'd43e6dc7c7a4e85677bb25df0b9ab060') in 0.041459 seconds
Number of updated asset objects reloaded before import = 0
Number of asset objects unloaded after import = 1
========================================================================
Received Import Request.
  Time since last request: 0.000018 seconds.
  path: Assets/TextMesh Pro/Resources/Fonts & Materials/LiberationSans SDF - Outline.mat
  artifactKey: Guid(79459efec17a4d00a321bdcc27bbc385) Importer(2089858483,0ecaa5967403d082aa24f35e1b516d23)
Start importing Assets/TextMesh Pro/Resources/Fonts & Materials/LiberationSans SDF - Outline.mat using Guid(79459efec17a4d00a321bdcc27bbc385) Importer(2089858483,0ecaa5967403d082aa24f35e1b516d23)  -> (artifact id: 'a25a140eb7abf18a16ca90bdc001d7bc') in 0.091555 seconds
Number of updated asset objects reloaded before import = 0
Number of asset objects unloaded after import = 3
========================================================================
Received Import Request.
  Time since last request: 0.000025 seconds.
  path: Assets/XR/Loaders/AR Kit Loader.asset
  artifactKey: Guid(e83f94cb3ed0e3041b49796e826aabbd) Importer(2089858483,0ecaa5967403d082aa24f35e1b516d23)
Start importing Assets/XR/Loaders/AR Kit Loader.asset using Guid(e83f94cb3ed0e3041b49796e826aabbd) Importer(2089858483,0ecaa5967403d082aa24f35e1b516d23)  -> (artifact id: '16b12b2325f4def783e34d317290751d') in 0.023830 seconds
Number of updated asset objects reloaded before import = 0
Number of asset objects unloaded after import = 1
========================================================================
Received Import Request.
  Time since last request: 0.000031 seconds.
  path: Assets/MobileARTemplateAssets/UI/Fonts/Inter-Regular_SDF_Overlay_Material.mat
  artifactKey: Guid(4901b33f2905d42b986e9dce9a67d3a3) Importer(2089858483,0ecaa5967403d082aa24f35e1b516d23)
Start importing Assets/MobileARTemplateAssets/UI/Fonts/Inter-Regular_SDF_Overlay_Material.mat using Guid(4901b33f2905d42b986e9dce9a67d3a3) Importer(2089858483,0ecaa5967403d082aa24f35e1b516d23)  -> (artifact id: '9ae00e6201c3de4adba743a0b707bc22') in 0.043363 seconds
Number of updated asset objects reloaded before import = 0
Number of asset objects unloaded after import = 3
========================================================================
Received Import Request.
  Time since last request: 0.000017 seconds.
  path: Assets/TextMesh Pro/Shaders/TMPro_Surface.cginc
  artifactKey: Guid(d930090c0cd643c7b55f19a38538c162) Importer(2089858483,0ecaa5967403d082aa24f35e1b516d23)
Start importing Assets/TextMesh Pro/Shaders/TMPro_Surface.cginc using Guid(d930090c0cd643c7b55f19a38538c162) Importer(2089858483,0ecaa5967403d082aa24f35e1b516d23)  -> (artifact id: '52de3ab732bcadcbcca91e5777981e89') in 0.031936 seconds
Number of updated asset objects reloaded before import = 0
Number of asset objects unloaded after import = 1
========================================================================
Received Import Request.
  Time since last request: 0.000022 seconds.
  path: Assets/MobileARTemplateAssets/Prefabs/CubeVariant.prefab
  artifactKey: Guid(d825bbdf58c379d4290da92e387f71d0) Importer(2089858483,0ecaa5967403d082aa24f35e1b516d23)
Start importing Assets/MobileARTemplateAssets/Prefabs/CubeVariant.prefab using Guid(d825bbdf58c379d4290da92e387f71d0) Importer(2089858483,0ecaa5967403d082aa24f35e1b516d23)  -> (artifact id: '879a656e165fbff056c2f679b9bfa41c') in 0.076674 seconds
Number of updated asset objects reloaded before import = 0
Number of asset objects unloaded after import = 45
========================================================================
Received Import Request.
  Time since last request: 0.000019 seconds.
  path: Assets/TextMesh Pro/Fonts/LiberationSans.ttf
  artifactKey: Guid(e3265ab4bf004d28a9537516768c1c75) Importer(2089858483,0ecaa5967403d082aa24f35e1b516d23)
Start importing Assets/TextMesh Pro/Fonts/LiberationSans.ttf using Guid(e3265ab4bf004d28a9537516768c1c75) Importer(2089858483,0ecaa5967403d082aa24f35e1b516d23)  -> (artifact id: 'fe33cf2deabb8f850e622997dff70373') in 0.024007 seconds
Number of updated asset objects reloaded before import = 0
Number of asset objects unloaded after import = 3
========================================================================
Received Import Request.
  Time since last request: 0.000023 seconds.
  path: Assets/TextMesh Pro/Shaders/TMP_Bitmap.shader
  artifactKey: Guid(128e987d567d4e2c824d754223b3f3b0) Importer(2089858483,0ecaa5967403d082aa24f35e1b516d23)
Start importing Assets/TextMesh Pro/Shaders/TMP_Bitmap.shader using Guid(128e987d567d4e2c824d754223b3f3b0) Importer(2089858483,0ecaa5967403d082aa24f35e1b516d23)  -> (artifact id: '1ad935785b57362b77020088e9b725c2') in 0.022028 seconds
Number of updated asset objects reloaded before import = 0
Number of asset objects unloaded after import = 1
========================================================================
Received Import Request.
  Time since last request: 0.000034 seconds.
  path: Assets/MobileARTemplateAssets/UI/Fonts/Inter-Regular_SDF_Underlay.asset
  artifactKey: Guid(338b87ec800b74d4786573b1fdd14c13) Importer(2089858483,0ecaa5967403d082aa24f35e1b516d23)
Start importing Assets/MobileARTemplateAssets/UI/Fonts/Inter-Regular_SDF_Underlay.asset using Guid(338b87ec800b74d4786573b1fdd14c13) Importer(2089858483,0ecaa5967403d082aa24f35e1b516d23)  -> (artifact id: 'cc08cbb7d0156182e09c4bbe543ba0a0') in 0.051841 seconds
Number of updated asset objects reloaded before import = 0
Number of asset objects unloaded after import = 5
========================================================================
Received Import Request.
  Time since last request: 0.000016 seconds.
  path: Assets/XR/Settings/OpenXR Editor Settings.asset
  artifactKey: Guid(fb7c7ca50abfe4ecdbaa29a44c57cc0a) Importer(2089858483,0ecaa5967403d082aa24f35e1b516d23)
Start importing Assets/XR/Settings/OpenXR Editor Settings.asset using Guid(fb7c7ca50abfe4ecdbaa29a44c57cc0a) Importer(2089858483,0ecaa5967403d082aa24f35e1b516d23)  -> (artifact id: '7b872894352be7e0a7e8cd8e70364273') in 0.029568 seconds
Number of updated asset objects reloaded before import = 0
Number of asset objects unloaded after import = 1
========================================================================
Received Import Request.
  Time since last request: 0.000020 seconds.
  path: Assets/_ARMarker/Prefabs/Fusebox.prefab
  artifactKey: Guid(1a07e1c59d1ee714a96f2b1c8f3e17a2) Importer(2089858483,0ecaa5967403d082aa24f35e1b516d23)
Start importing Assets/_ARMarker/Prefabs/Fusebox.prefab using Guid(1a07e1c59d1ee714a96f2b1c8f3e17a2) Importer(2089858483,0ecaa5967403d082aa24f35e1b516d23)  -> (artifact id: '7a6d398bed3b42a02f98e0ef248b14ba') in 0.094095 seconds
Number of updated asset objects reloaded before import = 0
Number of asset objects unloaded after import = 37
========================================================================
Received Import Request.
  Time since last request: 0.000023 seconds.
  path: Assets/MobileARTemplateAssets/UI/Sprites/Icon-Cube_Lift_Mask.png
  artifactKey: Guid(7d243d9badfce4aa5867d7ce26d0c7c1) Importer(2089858483,0ecaa5967403d082aa24f35e1b516d23)
Start importing Assets/MobileARTemplateAssets/UI/Sprites/Icon-Cube_Lift_Mask.png using Guid(7d243d9badfce4aa5867d7ce26d0c7c1) Importer(2089858483,0ecaa5967403d082aa24f35e1b516d23)  -> (artifact id: 'd406aaee1fec16c975a63a3d500f74c0') in 0.026687 seconds
Number of updated asset objects reloaded before import = 0
Number of asset objects unloaded after import = 3
========================================================================
Received Import Request.
  Time since last request: 0.000027 seconds.
  path: Assets/TextMesh Pro/Shaders/TMP_SDF Overlay.shader
  artifactKey: Guid(dd89cf5b9246416f84610a006f916af7) Importer(2089858483,0ecaa5967403d082aa24f35e1b516d23)
Start importing Assets/TextMesh Pro/Shaders/TMP_SDF Overlay.shader using Guid(dd89cf5b9246416f84610a006f916af7) Importer(2089858483,0ecaa5967403d082aa24f35e1b516d23)  -> (artifact id: '915bb7079429406ca558c79d67fbef76') in 0.023621 seconds
Number of updated asset objects reloaded before import = 0
Number of asset objects unloaded after import = 2
========================================================================
Received Import Request.
  Time since last request: 0.000024 seconds.
  path: Assets/MobileARTemplateAssets/UI/Sprites/Icon-ScaleAxisGizmo.png
  artifactKey: Guid(bd0fe3abc36404b2dbebd9ae74eb79c7) Importer(2089858483,0ecaa5967403d082aa24f35e1b516d23)
Start importing Assets/MobileARTemplateAssets/UI/Sprites/Icon-ScaleAxisGizmo.png using Guid(bd0fe3abc36404b2dbebd9ae74eb79c7) Importer(2089858483,0ecaa5967403d082aa24f35e1b516d23)  -> (artifact id: '2b32e985e15be0b03c433ef2908f7e14') in 0.059888 seconds
Number of updated asset objects reloaded before import = 0
Number of asset objects unloaded after import = 3
========================================================================
Received Import Request.
  Time since last request: 0.000033 seconds.
  path: Assets/MobileARTemplateAssets/Tutorial/TutorialLayout.wlt
  artifactKey: Guid(9349b491173a40341b110657656ea86b) Importer(2089858483,0ecaa5967403d082aa24f35e1b516d23)
Start importing Assets/MobileARTemplateAssets/Tutorial/TutorialLayout.wlt using Guid(9349b491173a40341b110657656ea86b) Importer(2089858483,0ecaa5967403d082aa24f35e1b516d23)  -> (artifact id: 'dfd41041addce92177b9332c02202621') in 0.017241 seconds
Number of updated asset objects reloaded before import = 0
Number of asset objects unloaded after import = 1
========================================================================
Received Import Request.
  Time since last request: 0.000024 seconds.
  path: Assets/TextMesh Pro/Shaders/TMP_SDF-Mobile.shader
  artifactKey: Guid(fe393ace9b354375a9cb14cdbbc28be4) Importer(2089858483,0ecaa5967403d082aa24f35e1b516d23)
Start importing Assets/TextMesh Pro/Shaders/TMP_SDF-Mobile.shader using Guid(fe393ace9b354375a9cb14cdbbc28be4) Importer(2089858483,0ecaa5967403d082aa24f35e1b516d23)  -> (artifact id: '46c8cd46440b8c94e165d83449fd8f7a') in 0.021160 seconds
Number of updated asset objects reloaded before import = 0
Number of asset objects unloaded after import = 1
========================================================================
Received Import Request.
  Time since last request: 0.000020 seconds.
  path: Assets/MobileARTemplateAssets/Scripts/ARTemplateMenuManager.cs
  artifactKey: Guid(f708c04c3dca17f4dbdc065df6a0c397) Importer(2089858483,0ecaa5967403d082aa24f35e1b516d23)
Start importing Assets/MobileARTemplateAssets/Scripts/ARTemplateMenuManager.cs using Guid(f708c04c3dca17f4dbdc065df6a0c397) Importer(2089858483,0ecaa5967403d082aa24f35e1b516d23)  -> (artifact id: 'c3b1b22e312b8a9df4b6649508efb2cb') in 0.019510 seconds
Number of updated asset objects reloaded before import = 0
Number of asset objects unloaded after import = 1
========================================================================
Received Import Request.
  Time since last request: 0.000024 seconds.
  path: Assets/MobileARTemplateAssets/Materials/ObjectMaterial.mat
  artifactKey: Guid(83eabfe673263a445972586e5d8b56ee) Importer(2089858483,0ecaa5967403d082aa24f35e1b516d23)
Start importing Assets/MobileARTemplateAssets/Materials/ObjectMaterial.mat using Guid(83eabfe673263a445972586e5d8b56ee) Importer(2089858483,0ecaa5967403d082aa24f35e1b516d23)  -> (artifact id: 'd28e73aa453a78614008d8b13615b8e8') in 0.056246 seconds
Number of updated asset objects reloaded before import = 0
Number of asset objects unloaded after import = 3
========================================================================
Received Import Request.
  Time since last request: 0.000034 seconds.
  path: Assets/XR/Settings/MagicLeapSettings.asset
  artifactKey: Guid(0b53a025a635a4393ba0b49822242280) Importer(2089858483,0ecaa5967403d082aa24f35e1b516d23)
Start importing Assets/XR/Settings/MagicLeapSettings.asset using Guid(0b53a025a635a4393ba0b49822242280) Importer(2089858483,0ecaa5967403d082aa24f35e1b516d23)  -> (artifact id: '01d0babebdb26ea76651b380d751ff51') in 0.031934 seconds
Number of updated asset objects reloaded before import = 0
Number of asset objects unloaded after import = 1
========================================================================
Received Import Request.
  Time since last request: 0.000053 seconds.
  path: Assets/MobileARTemplateAssets/UI/Fonts/Inter-Regular_SDF.asset
  artifactKey: Guid(d1728ba5990034831bbe01f3a2578b70) Importer(2089858483,0ecaa5967403d082aa24f35e1b516d23)
Start importing Assets/MobileARTemplateAssets/UI/Fonts/Inter-Regular_SDF.asset using Guid(d1728ba5990034831bbe01f3a2578b70) Importer(2089858483,0ecaa5967403d082aa24f35e1b516d23)  -> (artifact id: '684d299339068b28535596322008e85d') in 0.047196 seconds
Number of updated asset objects reloaded before import = 0
Number of asset objects unloaded after import = 5
========================================================================
Received Import Request.
  Time since last request: 0.000045 seconds.
  path: Assets/TextMesh Pro/Shaders/TMP_SDF-Mobile SSD.shader
  artifactKey: Guid(c8d12adcee749c344b8117cf7c7eb912) Importer(2089858483,0ecaa5967403d082aa24f35e1b516d23)
Start importing Assets/TextMesh Pro/Shaders/TMP_SDF-Mobile SSD.shader using Guid(c8d12adcee749c344b8117cf7c7eb912) Importer(2089858483,0ecaa5967403d082aa24f35e1b516d23)  -> (artifact id: '44556a5686903f198621b8b8d6efc012') in 0.020690 seconds
Number of updated asset objects reloaded before import = 0
Number of asset objects unloaded after import = 1
========================================================================
Received Import Request.
  Time since last request: 0.000020 seconds.
  path: Assets/TextMesh Pro/Resources/TMP Settings.asset
  artifactKey: Guid(3f5b5dff67a942289a9defa416b206f3) Importer(2089858483,0ecaa5967403d082aa24f35e1b516d23)
Start importing Assets/TextMesh Pro/Resources/TMP Settings.asset using Guid(3f5b5dff67a942289a9defa416b206f3) Importer(2089858483,0ecaa5967403d082aa24f35e1b516d23)  -> (artifact id: 'd8b9e77c8a5ef30bb2ecbbf46787a205') in 0.060110 seconds
Number of updated asset objects reloaded before import = 0
Number of asset objects unloaded after import = 17
========================================================================
Received Import Request.
  Time since last request: 0.000018 seconds.
  path: Assets/MobileARTemplateAssets/UI/Sprites/Icon-Gesture_Touch.png
  artifactKey: Guid(4e11f0aa199634c06a9b17d25af9ded6) Importer(2089858483,0ecaa5967403d082aa24f35e1b516d23)
Start importing Assets/MobileARTemplateAssets/UI/Sprites/Icon-Gesture_Touch.png using Guid(4e11f0aa199634c06a9b17d25af9ded6) Importer(2089858483,0ecaa5967403d082aa24f35e1b516d23)  -> (artifact id: 'b6ceff6c7891b9a1917a6ba109fa30ba') in 0.023608 seconds
Number of updated asset objects reloaded before import = 0
Number of asset objects unloaded after import = 3
========================================================================
Received Import Request.
  Time since last request: 0.000024 seconds.
  path: Assets/MobileARTemplateAssets/UI/Sprites/Icon-RotateAxisGizmo.png
  artifactKey: Guid(5b761a716f9a14b1f96d86db91468013) Importer(2089858483,0ecaa5967403d082aa24f35e1b516d23)
Start importing Assets/MobileARTemplateAssets/UI/Sprites/Icon-RotateAxisGizmo.png using Guid(5b761a716f9a14b1f96d86db91468013) Importer(2089858483,0ecaa5967403d082aa24f35e1b516d23)  -> (artifact id: 'd1a17c069ddd25149d9519f92e15c01c') in 0.035252 seconds
Number of updated asset objects reloaded before import = 0
Number of asset objects unloaded after import = 3
========================================================================
Received Import Request.
  Time since last request: 0.000046 seconds.
  path: Assets/_ARMarker/Markers/MarkerIcons03.png
  artifactKey: Guid(f5d724525c398de4e98f10c555a6b878) Importer(2089858483,0ecaa5967403d082aa24f35e1b516d23)
Start importing Assets/_ARMarker/Markers/MarkerIcons03.png using Guid(f5d724525c398de4e98f10c555a6b878) Importer(2089858483,0ecaa5967403d082aa24f35e1b516d23)  -> (artifact id: 'c251426b1f6e480f6072f43cf9dbc7d6') in 0.026007 seconds
Number of updated asset objects reloaded before import = 0
Number of asset objects unloaded after import = 1
========================================================================
Received Import Request.
  Time since last request: 0.000020 seconds.
  path: Assets/MobileARTemplateAssets/UI/Sprites/Icon-SurfaceVisual.png
  artifactKey: Guid(3a4b02f0d013240a6bf58a4ffc88d105) Importer(2089858483,0ecaa5967403d082aa24f35e1b516d23)
Start importing Assets/MobileARTemplateAssets/UI/Sprites/Icon-SurfaceVisual.png using Guid(3a4b02f0d013240a6bf58a4ffc88d105) Importer(2089858483,0ecaa5967403d082aa24f35e1b516d23)  -> (artifact id: 'c54e8c5212901286eb55d1eab999b1a5') in 0.040675 seconds
Number of updated asset objects reloaded before import = 0
Number of asset objects unloaded after import = 3
========================================================================
Received Import Request.
  Time since last request: 0.000020 seconds.
  path: Assets/_ARMarker/UI/UIPanel2.png
  artifactKey: Guid(61a7292f83f46f04497f416f52955969) Importer(2089858483,0ecaa5967403d082aa24f35e1b516d23)
Start importing Assets/_ARMarker/UI/UIPanel2.png using Guid(61a7292f83f46f04497f416f52955969) Importer(2089858483,0ecaa5967403d082aa24f35e1b516d23)  -> (artifact id: 'c5c959d92350abdfbcde3e73890f59f1') in 0.031183 seconds
Number of updated asset objects reloaded before import = 0
Number of asset objects unloaded after import = 3
========================================================================
Received Import Request.
  Time since last request: 0.000027 seconds.
  path: Assets/TextMesh Pro/Resources/LineBreaking Following Characters.txt
  artifactKey: Guid(fade42e8bc714b018fac513c043d323b) Importer(2089858483,0ecaa5967403d082aa24f35e1b516d23)
Start importing Assets/TextMesh Pro/Resources/LineBreaking Following Characters.txt using Guid(fade42e8bc714b018fac513c043d323b) Importer(2089858483,0ecaa5967403d082aa24f35e1b516d23)  -> (artifact id: 'e6badda4adaf2be140a6090961988c99') in 0.023075 seconds
Number of updated asset objects reloaded before import = 0
Number of asset objects unloaded after import = 1
========================================================================
Received Import Request.
  Time since last request: 0.000046 seconds.
  path: Assets/MobileARTemplateAssets/Prefabs/PyramidVariant.prefab
  artifactKey: Guid(3cbfcd4079a5031478389d5ab3c8c311) Importer(2089858483,0ecaa5967403d082aa24f35e1b516d23)
Start importing Assets/MobileARTemplateAssets/Prefabs/PyramidVariant.prefab using Guid(3cbfcd4079a5031478389d5ab3c8c311) Importer(2089858483,0ecaa5967403d082aa24f35e1b516d23)  -> (artifact id: 'f48ee392d16c6826c136f7e0c6d1ecfc') in 0.069766 seconds
Number of updated asset objects reloaded before import = 0
Number of asset objects unloaded after import = 45
========================================================================
Received Import Request.
  Time since last request: 0.000025 seconds.
  path: Assets/_ARMarker/Materials/BeachsideTown/DoorsAndWindows.mat
  artifactKey: Guid(acf6bf87b7dfe57489aa3da3b408f660) Importer(2089858483,0ecaa5967403d082aa24f35e1b516d23)
Start importing Assets/_ARMarker/Materials/BeachsideTown/DoorsAndWindows.mat using Guid(acf6bf87b7dfe57489aa3da3b408f660) Importer(2089858483,0ecaa5967403d082aa24f35e1b516d23)  -> (artifact id: '8798290656054ac2676e3986803e81b6') in 0.280560 seconds
Number of updated asset objects reloaded before import = 0
Number of asset objects unloaded after import = 5
========================================================================
Received Import Request.
  Time since last request: 0.000109 seconds.
  path: Assets/_ARMarker/Materials/BeachsideTown/WallAYellow.mat
  artifactKey: Guid(d281ae123ebab504b8964af853b79546) Importer(2089858483,0ecaa5967403d082aa24f35e1b516d23)
Start importing Assets/_ARMarker/Materials/BeachsideTown/WallAYellow.mat using Guid(d281ae123ebab504b8964af853b79546) Importer(2089858483,0ecaa5967403d082aa24f35e1b516d23)  -> (artifact id: '59042e7ed1956dbf2653a8e9cc5ea9cf') in 0.254689 seconds
Number of updated asset objects reloaded before import = 0
Number of asset objects unloaded after import = 5
========================================================================
Received Import Request.
  Time since last request: 0.000029 seconds.
  path: Assets/_ARMarker/Materials/BeachsideTown/GroundPavementRoad.mat
  artifactKey: Guid(8c80283a4abed624c89150bcb9d47750) Importer(2089858483,0ecaa5967403d082aa24f35e1b516d23)
Start importing Assets/_ARMarker/Materials/BeachsideTown/GroundPavementRoad.mat using Guid(8c80283a4abed624c89150bcb9d47750) Importer(2089858483,0ecaa5967403d082aa24f35e1b516d23)  -> (artifact id: '609cb3f9ae073a79802c4123486641f3') in 0.200402 seconds
Number of updated asset objects reloaded before import = 0
Number of asset objects unloaded after import = 5
========================================================================
Received Import Request.
  Time since last request: 0.000037 seconds.
  path: Assets/Samples/XR Interaction Toolkit/3.1.2/AR Starter Assets/ARStarterAssets.asmdef
  artifactKey: Guid(81d67e3f79b8c1246a256ab4990e652d) Importer(2089858483,0ecaa5967403d082aa24f35e1b516d23)
Start importing Assets/Samples/XR Interaction Toolkit/3.1.2/AR Starter Assets/ARStarterAssets.asmdef using Guid(81d67e3f79b8c1246a256ab4990e652d) Importer(2089858483,0ecaa5967403d082aa24f35e1b516d23)  -> (artifact id: 'a7a1d2c06d25181b5248da60fe73a103') in 0.032934 seconds
Number of updated asset objects reloaded before import = 0
Number of asset objects unloaded after import = 1
========================================================================
Received Import Request.
  Time since last request: 0.000022 seconds.
  path: Assets/_ARMarker/Materials/BeachsideTown/GroundPebbles.mat
  artifactKey: Guid(9db13c441d0daf44093470c12fcb4494) Importer(2089858483,0ecaa5967403d082aa24f35e1b516d23)
Start importing Assets/_ARMarker/Materials/BeachsideTown/GroundPebbles.mat using Guid(9db13c441d0daf44093470c12fcb4494) Importer(2089858483,0ecaa5967403d082aa24f35e1b516d23)  -> (artifact id: '6ef50c02def1650447152783b902e13b') in 0.164824 seconds
Number of updated asset objects reloaded before import = 0
Number of asset objects unloaded after import = 5
========================================================================
Received Import Request.
  Time since last request: 0.000029 seconds.
  path: Assets/_ARMarker/SourceFiles/VFX/Flag.mat
  artifactKey: Guid(cb5a74fb4a96a184a8242fb3fd0fe4d2) Importer(2089858483,0ecaa5967403d082aa24f35e1b516d23)
Start importing Assets/_ARMarker/SourceFiles/VFX/Flag.mat using Guid(cb5a74fb4a96a184a8242fb3fd0fe4d2) Importer(2089858483,0ecaa5967403d082aa24f35e1b516d23)  -> (artifact id: 'aa0c49d5529ab5bcc62d9925260e1769') in 0.055276 seconds
Number of updated asset objects reloaded before import = 0
Number of asset objects unloaded after import = 3
========================================================================
Received Import Request.
  Time since last request: 0.000034 seconds.
  path: Assets/_ARMarker/Materials/BeachsideTown/GroundPebblesTile.mat
  artifactKey: Guid(9664a313aeba8bf47a2861968c3428c7) Importer(2089858483,0ecaa5967403d082aa24f35e1b516d23)
Start importing Assets/_ARMarker/Materials/BeachsideTown/GroundPebblesTile.mat using Guid(9664a313aeba8bf47a2861968c3428c7) Importer(2089858483,0ecaa5967403d082aa24f35e1b516d23)  -> (artifact id: '76bdd56e363ea247d57622ee1f7b139c') in 0.133541 seconds
Number of updated asset objects reloaded before import = 0
Number of asset objects unloaded after import = 5
========================================================================
Received Import Request.
  Time since last request: 0.000020 seconds.
  path: Assets/_ARMarker/Materials/BeachsideTown/CharacterKim.mat
  artifactKey: Guid(4c08f2a362801dc4d91ae87041e0e3b7) Importer(2089858483,0ecaa5967403d082aa24f35e1b516d23)
Start importing Assets/_ARMarker/Materials/BeachsideTown/CharacterKim.mat using Guid(4c08f2a362801dc4d91ae87041e0e3b7) Importer(2089858483,0ecaa5967403d082aa24f35e1b516d23)  -> (artifact id: '2093cd8bb0291b2d142362d6f6037c0a') in 0.199146 seconds
Number of updated asset objects reloaded before import = 0
Number of asset objects unloaded after import = 5
========================================================================
Received Import Request.
  Time since last request: 0.000041 seconds.
  path: Assets/Samples/XR Interaction Toolkit/3.1.2/Starter Assets/StarterAssets.asmdef
  artifactKey: Guid(8f07e33567e0ee542b40769c456c6b53) Importer(2089858483,0ecaa5967403d082aa24f35e1b516d23)
Start importing Assets/Samples/XR Interaction Toolkit/3.1.2/Starter Assets/StarterAssets.asmdef using Guid(8f07e33567e0ee542b40769c456c6b53) Importer(2089858483,0ecaa5967403d082aa24f35e1b516d23)  -> (artifact id: '17b76ce9aa73bb6458cd72c390f6ca13') in 0.038061 seconds
Number of updated asset objects reloaded before import = 0
Number of asset objects unloaded after import = 1
========================================================================
Received Import Request.
  Time since last request: 0.000038 seconds.
  path: Assets/_ARMarker/SourceFiles/Models/JohnLemon/JohnLemon.fbx
  artifactKey: Guid(b44f3940c4940544a8c2c6aee5fa086f) Importer(2089858483,0ecaa5967403d082aa24f35e1b516d23)
Start importing Assets/_ARMarker/SourceFiles/Models/JohnLemon/JohnLemon.fbx using Guid(b44f3940c4940544a8c2c6aee5fa086f) Importer(2089858483,0ecaa5967403d082aa24f35e1b516d23)  -> (artifact id: 'f03f2a66247b31c2a6760221d95e26a7') in 0.236315 seconds
Number of updated asset objects reloaded before import = 0
Number of asset objects unloaded after import = 78
========================================================================
Received Import Request.
  Time since last request: 0.000022 seconds.
  path: Assets/_ARMarker/SourceFiles/Textures/BeachsideTown/CharacterNinaAO.png
  artifactKey: Guid(1864382123e72db428354d04405f13ee) Importer(2089858483,0ecaa5967403d082aa24f35e1b516d23)
Start importing Assets/_ARMarker/SourceFiles/Textures/BeachsideTown/CharacterNinaAO.png using Guid(1864382123e72db428354d04405f13ee) Importer(2089858483,0ecaa5967403d082aa24f35e1b516d23)  -> (artifact id: '9ae8d17a38879289d287c940520740ed') in 0.211356 seconds
Number of updated asset objects reloaded before import = 0
Number of asset objects unloaded after import = 1
========================================================================
Received Import Request.
  Time since last request: 0.000034 seconds.
  path: Assets/_ARMarker/Materials/BeachsideTown/GroundPavementRoadCorner.mat
  artifactKey: Guid(b260d70bf1f82784c89e33d851246bfc) Importer(2089858483,0ecaa5967403d082aa24f35e1b516d23)
Start importing Assets/_ARMarker/Materials/BeachsideTown/GroundPavementRoadCorner.mat using Guid(b260d70bf1f82784c89e33d851246bfc) Importer(2089858483,0ecaa5967403d082aa24f35e1b516d23)  -> (artifact id: '0a72074c0daefe735d44f95a64f67464') in 0.154641 seconds
Number of updated asset objects reloaded before import = 0
Number of asset objects unloaded after import = 5
========================================================================
Received Import Request.
  Time since last request: 0.000018 seconds.
  path: Assets/_ARMarker/UI/UIPanel1.png
  artifactKey: Guid(d6d6030617e7484469b1c8e264392a35) Importer(2089858483,0ecaa5967403d082aa24f35e1b516d23)
Start importing Assets/_ARMarker/UI/UIPanel1.png using Guid(d6d6030617e7484469b1c8e264392a35) Importer(2089858483,0ecaa5967403d082aa24f35e1b516d23)  -> (artifact id: '33ea283da1ede6b062de2b63346cba3b') in 0.032141 seconds
Number of updated asset objects reloaded before import = 0
Number of asset objects unloaded after import = 3
========================================================================
Received Import Request.
  Time since last request: 0.000020 seconds.
  path: Assets/_ARMarker/Prefabs/JohnLemon.prefab
  artifactKey: Guid(2b162393015851a4a80fef6e12f2b098) Importer(2089858483,0ecaa5967403d082aa24f35e1b516d23)
Start importing Assets/_ARMarker/Prefabs/JohnLemon.prefab using Guid(2b162393015851a4a80fef6e12f2b098) Importer(2089858483,0ecaa5967403d082aa24f35e1b516d23)  -> (artifact id: '84dc4611ee1d6596430ee019e47640f6') in 0.038428 seconds
Number of updated asset objects reloaded before import = 0
Number of asset objects unloaded after import = 81
========================================================================
Received Import Request.
  Time since last request: 0.000021 seconds.
  path: Assets/TextMesh Pro/Shaders/TMP_SDF SSD.shader
  artifactKey: Guid(14eb328de4b8eb245bb7cea29e4ac00b) Importer(2089858483,0ecaa5967403d082aa24f35e1b516d23)
Start importing Assets/TextMesh Pro/Shaders/TMP_SDF SSD.shader using Guid(14eb328de4b8eb245bb7cea29e4ac00b) Importer(2089858483,0ecaa5967403d082aa24f35e1b516d23)  -> (artifact id: '3f7a5a77b3ded8e686b96c0799959749') in 0.024282 seconds
Number of updated asset objects reloaded before import = 0
Number of asset objects unloaded after import = 2
========================================================================
Received Import Request.
  Time since last request: 0.000026 seconds.
  path: Assets/_ARMarker/Prefabs/BeachsideTown.prefab
  artifactKey: Guid(44af740032094bf48bddbf3f4644216f) Importer(2089858483,0ecaa5967403d082aa24f35e1b516d23)
Start importing Assets/_ARMarker/Prefabs/BeachsideTown.prefab using Guid(44af740032094bf48bddbf3f4644216f) Importer(2089858483,0ecaa5967403d082aa24f35e1b516d23)  -> (artifact id: '8e0ec6548d4965bca874667a40cf6d22') in 0.214689 seconds
Number of updated asset objects reloaded before import = 0
Number of asset objects unloaded after import = 911
========================================================================
Received Import Request.
  Time since last request: 0.000027 seconds.
  path: Assets/MobileARTemplateAssets/UI/Sprites/Icon-Cube_Mask.png
  artifactKey: Guid(c5569763ab98341e98527947a9a50f49) Importer(2089858483,0ecaa5967403d082aa24f35e1b516d23)
Start importing Assets/MobileARTemplateAssets/UI/Sprites/Icon-Cube_Mask.png using Guid(c5569763ab98341e98527947a9a50f49) Importer(2089858483,0ecaa5967403d082aa24f35e1b516d23)  -> (artifact id: '56c96b408e3aa1a02539b2ec52876698') in 0.029008 seconds
Number of updated asset objects reloaded before import = 0
Number of asset objects unloaded after import = 3
========================================================================
Received Import Request.
  Time since last request: 0.000037 seconds.
  path: Assets/MobileARTemplateAssets/UI/Sprites/Icon-Gesture_TouchHold.png
  artifactKey: Guid(a61ed193c40b9419a9b1e338fcd54b7d) Importer(2089858483,0ecaa5967403d082aa24f35e1b516d23)
Start importing Assets/MobileARTemplateAssets/UI/Sprites/Icon-Gesture_TouchHold.png using Guid(a61ed193c40b9419a9b1e338fcd54b7d) Importer(2089858483,0ecaa5967403d082aa24f35e1b516d23)  -> (artifact id: 'c3b4803fa8f780a7bf525d1d1323177f') in 0.043855 seconds
Number of updated asset objects reloaded before import = 0
Number of asset objects unloaded after import = 3
========================================================================
Received Import Request.
  Time since last request: 0.000020 seconds.
  path: Assets/MobileARTemplateAssets/UI/Sprites/MixedCorners_1.png
  artifactKey: Guid(dbf11d919ae484544b627c4b07dcf6b4) Importer(2089858483,0ecaa5967403d082aa24f35e1b516d23)
Start importing Assets/MobileARTemplateAssets/UI/Sprites/MixedCorners_1.png using Guid(dbf11d919ae484544b627c4b07dcf6b4) Importer(2089858483,0ecaa5967403d082aa24f35e1b516d23)  -> (artifact id: 'de707e9b09db331c0004dd29ac5682fc') in 0.030947 seconds
Number of updated asset objects reloaded before import = 0
Number of asset objects unloaded after import = 3
========================================================================
Received Import Request.
  Time since last request: 0.000022 seconds.
  path: Assets/XR/Loaders/AR Core Loader.asset
  artifactKey: Guid(bbf1bbcc68185fe41b723ad39ec4d68e) Importer(2089858483,0ecaa5967403d082aa24f35e1b516d23)
Start importing Assets/XR/Loaders/AR Core Loader.asset using Guid(bbf1bbcc68185fe41b723ad39ec4d68e) Importer(2089858483,0ecaa5967403d082aa24f35e1b516d23)  -> (artifact id: '3d8a2e98cb5e8b018fd4dff2a427771b') in 0.021318 seconds
Number of updated asset objects reloaded before import = 0
Number of asset objects unloaded after import = 1
========================================================================
Received Import Request.
  Time since last request: 0.000021 seconds.
  path: Assets/MobileARTemplateAssets/Prefabs/CylinderVariant.prefab
  artifactKey: Guid(daca7e1cd0a975941a64a8a9cbd8e5e5) Importer(2089858483,0ecaa5967403d082aa24f35e1b516d23)
Start importing Assets/MobileARTemplateAssets/Prefabs/CylinderVariant.prefab using Guid(daca7e1cd0a975941a64a8a9cbd8e5e5) Importer(2089858483,0ecaa5967403d082aa24f35e1b516d23)  -> (artifact id: '2565850e78aae339963ed740ebb5ad7b') in 0.205572 seconds
Number of updated asset objects reloaded before import = 0
Number of asset objects unloaded after import = 45
========================================================================
Received Import Request.
  Time since last request: 0.000027 seconds.
  path: Assets/_ARMarker/SourceFiles/Textures/BeachsideTown/GroundCornerAO.png
  artifactKey: Guid(0ad41a92fc45d7e4fb9b0af2d27c319f) Importer(2089858483,0ecaa5967403d082aa24f35e1b516d23)
Start importing Assets/_ARMarker/SourceFiles/Textures/BeachsideTown/GroundCornerAO.png using Guid(0ad41a92fc45d7e4fb9b0af2d27c319f) Importer(2089858483,0ecaa5967403d082aa24f35e1b516d23)  -> (artifact id: '960349af193f19dbe1890ba0f1542e72') in 0.121072 seconds
Number of updated asset objects reloaded before import = 0
Number of asset objects unloaded after import = 1
========================================================================
Received Import Request.
  Time since last request: 0.000091 seconds.
  path: Assets/XR/UserSimulationSettings/Resources/XRSimulationPreferences.asset
  artifactKey: Guid(a908ba3cced164fb2b0cef4982fd8d56) Importer(2089858483,0ecaa5967403d082aa24f35e1b516d23)
Start importing Assets/XR/UserSimulationSettings/Resources/XRSimulationPreferences.asset using Guid(a908ba3cced164fb2b0cef4982fd8d56) Importer(2089858483,0ecaa5967403d082aa24f35e1b516d23)  -> (artifact id: '205c7e8542cfb357980d23529a82ab49') in 0.075577 seconds
Number of updated asset objects reloaded before import = 0
Number of asset objects unloaded after import = 77
========================================================================
Received Import Request.
  Time since last request: 0.000021 seconds.
  path: Assets/_ARMarker/SourceFiles/Textures/BeachsideTown/DoorWindowsMetallicSmoothness.png
  artifactKey: Guid(818d55cf8dee720438294c51a770f2f1) Importer(2089858483,0ecaa5967403d082aa24f35e1b516d23)
Start importing Assets/_ARMarker/SourceFiles/Textures/BeachsideTown/DoorWindowsMetallicSmoothness.png using Guid(818d55cf8dee720438294c51a770f2f1) Importer(2089858483,0ecaa5967403d082aa24f35e1b516d23)  -> (artifact id: '363feec37946c08ec70e0bda5d293ef0') in 0.087522 seconds
Number of updated asset objects reloaded before import = 0
Number of asset objects unloaded after import = 1
========================================================================
Received Import Request.
  Time since last request: 0.000073 seconds.
  path: Assets/_ARMarker/SourceFiles/Textures/BeachsideTown/PebblesAlbedo.png
  artifactKey: Guid(75c2da173c996d249ad3a4bdcae7e860) Importer(2089858483,0ecaa5967403d082aa24f35e1b516d23)
Start importing Assets/_ARMarker/SourceFiles/Textures/BeachsideTown/PebblesAlbedo.png using Guid(75c2da173c996d249ad3a4bdcae7e860) Importer(2089858483,0ecaa5967403d082aa24f35e1b516d23)  -> (artifact id: '3c55d388c8b4d7b3f88f69729c578051') in 0.060474 seconds
Number of updated asset objects reloaded before import = 0
Number of asset objects unloaded after import = 1
========================================================================
Received Import Request.
  Time since last request: 0.000032 seconds.
  path: Assets/_ARMarker/SourceFiles/Textures/BeachsideTown/LogAO.png
  artifactKey: Guid(79d555f9c27f9124ea234cfcd3e02155) Importer(2089858483,0ecaa5967403d082aa24f35e1b516d23)
Start importing Assets/_ARMarker/SourceFiles/Textures/BeachsideTown/LogAO.png using Guid(79d555f9c27f9124ea234cfcd3e02155) Importer(2089858483,0ecaa5967403d082aa24f35e1b516d23)  -> (artifact id: '801107bfa55cf65a9fc1e49f9353709d') in 0.063506 seconds
Number of updated asset objects reloaded before import = 0
Number of asset objects unloaded after import = 1
========================================================================
Received Import Request.
  Time since last request: 0.000032 seconds.
  path: Assets/XR/Loaders/SimulationLoader.asset
  artifactKey: Guid(b92644a1b70d34c08aaf6c1b37c9675d) Importer(2089858483,0ecaa5967403d082aa24f35e1b516d23)
Start importing Assets/XR/Loaders/SimulationLoader.asset using Guid(b92644a1b70d34c08aaf6c1b37c9675d) Importer(2089858483,0ecaa5967403d082aa24f35e1b516d23)  -> (artifact id: '5283d4905f30cd7b618c408c383580bd') in 0.019579 seconds
Number of updated asset objects reloaded before import = 0
Number of asset objects unloaded after import = 1
========================================================================
Received Import Request.
  Time since last request: 0.000016 seconds.
  path: Assets/_ARMarker/Sounds/AmbienceMarket.ogg
  artifactKey: Guid(2133d76a50380f84b8c2275c2f348c29) Importer(2089858483,0ecaa5967403d082aa24f35e1b516d23)
Start importing Assets/_ARMarker/Sounds/AmbienceMarket.ogg using Guid(2133d76a50380f84b8c2275c2f348c29) Importer(2089858483,0ecaa5967403d082aa24f35e1b516d23)  -> (artifact id: 'fae792effe19f43193c918588d22b429') in 0.187456 seconds
Number of updated asset objects reloaded before import = 0
Number of asset objects unloaded after import = 1
========================================================================
Received Import Request.
  Time since last request: 0.000027 seconds.
  path: Assets/_ARMarker/SourceFiles/Textures/BeachsideTown/CharacterNinaAlbedo.png
  artifactKey: Guid(6bb08926142bfae4581fa394070a49ab) Importer(2089858483,0ecaa5967403d082aa24f35e1b516d23)
Start importing Assets/_ARMarker/SourceFiles/Textures/BeachsideTown/CharacterNinaAlbedo.png using Guid(6bb08926142bfae4581fa394070a49ab) Importer(2089858483,0ecaa5967403d082aa24f35e1b516d23)  -> (artifact id: '73c28bb1aa32b8861470f18e8412d1b2') in 0.069892 seconds
Number of updated asset objects reloaded before import = 0
Number of asset objects unloaded after import = 1
========================================================================
Received Import Request.
  Time since last request: 0.000030 seconds.
  path: Assets/_ARMarker/SourceFiles/Textures/BeachsideTown/BuildingSignsAlbedo.png
  artifactKey: Guid(947638ac9302e1f48b992db6db62d0ac) Importer(2089858483,0ecaa5967403d082aa24f35e1b516d23)
Start importing Assets/_ARMarker/SourceFiles/Textures/BeachsideTown/BuildingSignsAlbedo.png using Guid(947638ac9302e1f48b992db6db62d0ac) Importer(2089858483,0ecaa5967403d082aa24f35e1b516d23)  -> (artifact id: '332ec847ee6c1ef82e13e75b2c8ef834') in 0.072048 seconds
Number of updated asset objects reloaded before import = 0
Number of asset objects unloaded after import = 1
========================================================================
Received Import Request.
  Time since last request: 0.000030 seconds.
  path: Assets/_ARMarker/SourceFiles/VFX/Components/Fire.png
  artifactKey: Guid(1270c9588189d4943af02247a518896e) Importer(2089858483,0ecaa5967403d082aa24f35e1b516d23)
Start importing Assets/_ARMarker/SourceFiles/VFX/Components/Fire.png using Guid(1270c9588189d4943af02247a518896e) Importer(2089858483,0ecaa5967403d082aa24f35e1b516d23)  -> (artifact id: '286e5f21cbdebef63d8c6a3021a0c95b') in 0.040204 seconds
Number of updated asset objects reloaded before import = 0
Number of asset objects unloaded after import = 1
========================================================================
Received Import Request.
  Time since last request: 0.000028 seconds.
  path: Assets/_ARMarker/SourceFiles/Textures/BeachsideTown/WallAAO.png
  artifactKey: Guid(89bcb08938d1a8e4ba12ef8aeb3ca715) Importer(2089858483,0ecaa5967403d082aa24f35e1b516d23)
Start importing Assets/_ARMarker/SourceFiles/Textures/BeachsideTown/WallAAO.png using Guid(89bcb08938d1a8e4ba12ef8aeb3ca715) Importer(2089858483,0ecaa5967403d082aa24f35e1b516d23)  -> (artifact id: 'ee4c86b514bfeef53a42275882642d25') in 0.053041 seconds
Number of updated asset objects reloaded before import = 0
Number of asset objects unloaded after import = 1
========================================================================
Received Import Request.
  Time since last request: 0.000024 seconds.
  path: Assets/_ARMarker/SourceFiles/Textures/Fusebox/FuseboxOcclusion.png
  artifactKey: Guid(d595846e13fb1cb4bb6ed37b43242b9c) Importer(2089858483,0ecaa5967403d082aa24f35e1b516d23)
Start importing Assets/_ARMarker/SourceFiles/Textures/Fusebox/FuseboxOcclusion.png using Guid(d595846e13fb1cb4bb6ed37b43242b9c) Importer(2089858483,0ecaa5967403d082aa24f35e1b516d23)  -> (artifact id: '5d8915accf851181e036e24817352636') in 0.037323 seconds
Number of updated asset objects reloaded before import = 0
Number of asset objects unloaded after import = 1
========================================================================
Received Import Request.
  Time since last request: 0.000027 seconds.
  path: Assets/_ARMarker/SourceFiles/Textures/BeachsideTown/RoofMetallicSmoothness.png
  artifactKey: Guid(9b9133231b576e948984e36cd4a0ed8d) Importer(2089858483,0ecaa5967403d082aa24f35e1b516d23)
Start importing Assets/_ARMarker/SourceFiles/Textures/BeachsideTown/RoofMetallicSmoothness.png using Guid(9b9133231b576e948984e36cd4a0ed8d) Importer(2089858483,0ecaa5967403d082aa24f35e1b516d23)  -> (artifact id: '21b98a37e1395d0985dc7f674e38e33e') in 0.041319 seconds
Number of updated asset objects reloaded before import = 0
Number of asset objects unloaded after import = 1
========================================================================
Received Import Request.
  Time since last request: 0.000033 seconds.
  path: Assets/_ARMarker/SourceFiles/Textures/BeachsideTown/PillarsBlocksNormal.png
  artifactKey: Guid(e179c7a31c133e840aafcdccb44bd487) Importer(2089858483,0ecaa5967403d082aa24f35e1b516d23)
Start importing Assets/_ARMarker/SourceFiles/Textures/BeachsideTown/PillarsBlocksNormal.png using Guid(e179c7a31c133e840aafcdccb44bd487) Importer(2089858483,0ecaa5967403d082aa24f35e1b516d23)  -> (artifact id: '0a635716f181a55461419bc11f9c21b8') in 0.054603 seconds
Number of updated asset objects reloaded before import = 0
Number of asset objects unloaded after import = 1
========================================================================
Received Import Request.
  Time since last request: 0.000022 seconds.
  path: Assets/MobileARTemplateAssets/Prefabs/TorusVariant.prefab
  artifactKey: Guid(23412048bf4821d4f8bf5c7d9c1abd5b) Importer(2089858483,0ecaa5967403d082aa24f35e1b516d23)
Start importing Assets/MobileARTemplateAssets/Prefabs/TorusVariant.prefab using Guid(23412048bf4821d4f8bf5c7d9c1abd5b) Importer(2089858483,0ecaa5967403d082aa24f35e1b516d23)  -> (artifact id: '3c6fe416dcd6e3bd3ecb78ee418280a8') in 0.084223 seconds
Number of updated asset objects reloaded before import = 0
Number of asset objects unloaded after import = 45
========================================================================
Received Import Request.
  Time since last request: 0.000019 seconds.
  path: Assets/_ARMarker/SourceFiles/Textures/JohnLemon/JohnLemonOcclusion.tif
  artifactKey: Guid(8add9c3ea34c3964f85be4cf3f251a6d) Importer(2089858483,0ecaa5967403d082aa24f35e1b516d23)
Start importing Assets/_ARMarker/SourceFiles/Textures/JohnLemon/JohnLemonOcclusion.tif using Guid(8add9c3ea34c3964f85be4cf3f251a6d) Importer(2089858483,0ecaa5967403d082aa24f35e1b516d23)  -> (artifact id: '9b2a5f772cf26d28e09bf5b8c90a04f0') in 0.036143 seconds
Number of updated asset objects reloaded before import = 0
Number of asset objects unloaded after import = 1
========================================================================
Received Import Request.
  Time since last request: 0.000024 seconds.
  path: Assets/_ARMarker/SourceFiles/Textures/BeachsideTown/PebblesMetallicSmoothness.png
  artifactKey: Guid(8d554f7c865286a4ab03d17af13dec3d) Importer(2089858483,0ecaa5967403d082aa24f35e1b516d23)
Start importing Assets/_ARMarker/SourceFiles/Textures/BeachsideTown/PebblesMetallicSmoothness.png using Guid(8d554f7c865286a4ab03d17af13dec3d) Importer(2089858483,0ecaa5967403d082aa24f35e1b516d23)  -> (artifact id: 'e4e85c5f5fc5e1210dfef116acb24a24') in 0.062950 seconds
Number of updated asset objects reloaded before import = 0
Number of asset objects unloaded after import = 1
========================================================================
Received Import Request.
  Time since last request: 0.000167 seconds.
  path: Assets/_ARMarker/SourceFiles/Textures/BeachsideTown/PillarsBlocksAlbedo.png
  artifactKey: Guid(2610f11d60618d44cb8c56eef7d10bee) Importer(2089858483,0ecaa5967403d082aa24f35e1b516d23)
Start importing Assets/_ARMarker/SourceFiles/Textures/BeachsideTown/PillarsBlocksAlbedo.png using Guid(2610f11d60618d44cb8c56eef7d10bee) Importer(2089858483,0ecaa5967403d082aa24f35e1b516d23)  -> (artifact id: '491f656708d1da6e47f78b2b7884faa7') in 0.068862 seconds
Number of updated asset objects reloaded before import = 0
Number of asset objects unloaded after import = 1
========================================================================
Received Import Request.
  Time since last request: 0.000019 seconds.
  path: Assets/Samples/XR Interaction Toolkit/3.1.2/Starter Assets/Materials/MaterialPipelineHandler.asset
  artifactKey: Guid(dbe8dcb68b75cd2498ab6c1d96e072a4) Importer(2089858483,0ecaa5967403d082aa24f35e1b516d23)
Start importing Assets/Samples/XR Interaction Toolkit/3.1.2/Starter Assets/Materials/MaterialPipelineHandler.asset using Guid(dbe8dcb68b75cd2498ab6c1d96e072a4) Importer(2089858483,0ecaa5967403d082aa24f35e1b516d23)  -> (artifact id: '37bafe3eb52f1b4a131e1ad23ab6b94e') in 0.130718 seconds
Number of updated asset objects reloaded before import = 0
Number of asset objects unloaded after import = 10
========================================================================
Received Import Request.
  Time since last request: 0.000018 seconds.
  path: Assets/_ARMarker/SourceFiles/VFX/Components/Water.shadergraph
  artifactKey: Guid(6edfb4e550b0eab46b9c5248b63d0d97) Importer(2089858483,0ecaa5967403d082aa24f35e1b516d23)
Start importing Assets/_ARMarker/SourceFiles/VFX/Components/Water.shadergraph using Guid(6edfb4e550b0eab46b9c5248b63d0d97) Importer(2089858483,0ecaa5967403d082aa24f35e1b516d23)  -> (artifact id: 'c97835274b39eefd1d879cd0776d87fa') in 0.041730 seconds
Number of updated asset objects reloaded before import = 0
Number of asset objects unloaded after import = 3
========================================================================
Received Import Request.
  Time since last request: 0.000030 seconds.
  path: Assets/Samples/XR Interaction Toolkit/3.1.2/AR Starter Assets/Materials/FeatheredPlaneMaterial.mat
  artifactKey: Guid(d5774351bc3ae4ad393dc1d142ff4235) Importer(2089858483,0ecaa5967403d082aa24f35e1b516d23)
Start importing Assets/Samples/XR Interaction Toolkit/3.1.2/AR Starter Assets/Materials/FeatheredPlaneMaterial.mat using Guid(d5774351bc3ae4ad393dc1d142ff4235) Importer(2089858483,0ecaa5967403d082aa24f35e1b516d23)  -> (artifact id: '3370616f7256788324b862699e80148c') in 0.026174 seconds
Number of updated asset objects reloaded before import = 0
Number of asset objects unloaded after import = 3
========================================================================
Received Import Request.
  Time since last request: 0.000092 seconds.
  path: Assets/_ARMarker/SourceFiles/VFX/Components/FlagWind.shadergraph
  artifactKey: Guid(226ade2f466174341b89374e4ab70e11) Importer(2089858483,0ecaa5967403d082aa24f35e1b516d23)
Start importing Assets/_ARMarker/SourceFiles/VFX/Components/FlagWind.shadergraph using Guid(226ade2f466174341b89374e4ab70e11) Importer(2089858483,0ecaa5967403d082aa24f35e1b516d23)  -> (artifact id: '7044397066b5af44b844b80278c612e3') in 0.024441 seconds
Number of updated asset objects reloaded before import = 0
Number of asset objects unloaded after import = 4
========================================================================
Received Import Request.
  Time since last request: 0.000039 seconds.
  path: Assets/Samples/XR Interaction Toolkit/3.1.2/AR Starter Assets/Scripts/ARContactSpawnTrigger.cs
  artifactKey: Guid(4440a5b98326c3846b042c0c85fb1d0d) Importer(2089858483,0ecaa5967403d082aa24f35e1b516d23)
Start importing Assets/Samples/XR Interaction Toolkit/3.1.2/AR Starter Assets/Scripts/ARContactSpawnTrigger.cs using Guid(4440a5b98326c3846b042c0c85fb1d0d) Importer(2089858483,0ecaa5967403d082aa24f35e1b516d23)  -> (artifact id: '247e89b6e29a941d20b6cd21dab2c17d') in 0.020722 seconds
Number of updated asset objects reloaded before import = 0
Number of asset objects unloaded after import = 1
========================================================================
Received Import Request.
  Time since last request: 0.000018 seconds.
  path: Assets/Samples/XR Interaction Toolkit/3.1.2/Starter Assets/Editor/StarterAssets.Editor.asmdef
  artifactKey: Guid(9233538b711383d449a485633568d17c) Importer(2089858483,0ecaa5967403d082aa24f35e1b516d23)
Start importing Assets/Samples/XR Interaction Toolkit/3.1.2/Starter Assets/Editor/StarterAssets.Editor.asmdef using Guid(9233538b711383d449a485633568d17c) Importer(2089858483,0ecaa5967403d082aa24f35e1b516d23)  -> (artifact id: 'f424dd8c4b33c40f55de3537fc43da71') in 0.039699 seconds
Number of updated asset objects reloaded before import = 0
Number of asset objects unloaded after import = 1
========================================================================
Received Import Request.
  Time since last request: 0.000043 seconds.
  path: Assets/Samples/XR Interaction Toolkit/3.1.2/Starter Assets/Materials/Flat Blue.mat
  artifactKey: Guid(91ff3830fc4055a4fb0d0d2be32101a7) Importer(2089858483,0ecaa5967403d082aa24f35e1b516d23)
Start importing Assets/Samples/XR Interaction Toolkit/3.1.2/Starter Assets/Materials/Flat Blue.mat using Guid(91ff3830fc4055a4fb0d0d2be32101a7) Importer(2089858483,0ecaa5967403d082aa24f35e1b516d23)  -> (artifact id: '518064f61d940c0d49ab5cf888d764e8') in 0.036215 seconds
Number of updated asset objects reloaded before import = 0
Number of asset objects unloaded after import = 1
========================================================================
Received Import Request.
  Time since last request: 0.000056 seconds.
  path: Assets/Samples/XR Interaction Toolkit/3.1.2/Starter Assets/Animations/Climb Teleport Arrow.controller
  artifactKey: Guid(db6239f7ccb29ca4aac63126c6a35e7d) Importer(2089858483,0ecaa5967403d082aa24f35e1b516d23)
Start importing Assets/Samples/XR Interaction Toolkit/3.1.2/Starter Assets/Animations/Climb Teleport Arrow.controller using Guid(db6239f7ccb29ca4aac63126c6a35e7d) Importer(2089858483,0ecaa5967403d082aa24f35e1b516d23)  -> (artifact id: '374662313337f17181bd6d49d89817dd') in 0.053236 seconds
Number of updated asset objects reloaded before import = 0
Number of asset objects unloaded after import = 4
========================================================================
Received Import Request.
  Time since last request: 0.000143 seconds.
  path: Assets/_ARMarker/SourceFiles/Textures/BeachsideTown/CharacterNinaMetallicSmoothness.png
  artifactKey: Guid(dcab211ab5d18a44fa3af7a30bdafe4e) Importer(2089858483,0ecaa5967403d082aa24f35e1b516d23)
Start importing Assets/_ARMarker/SourceFiles/Textures/BeachsideTown/CharacterNinaMetallicSmoothness.png using Guid(dcab211ab5d18a44fa3af7a30bdafe4e) Importer(2089858483,0ecaa5967403d082aa24f35e1b516d23)  -> (artifact id: '7db7a9dfe6d887550a5443a46cfe7ed0') in 0.064728 seconds
Number of updated asset objects reloaded before import = 0
Number of asset objects unloaded after import = 1
========================================================================
Received Import Request.
  Time since last request: 0.000084 seconds.
  path: Assets/Samples/XR Interaction Toolkit/3.1.2/Starter Assets/Filters/AnyGazedAtTeleportAnchorFilter.asset
  artifactKey: Guid(0f906c94e2aa0c3488832acc1db04295) Importer(2089858483,0ecaa5967403d082aa24f35e1b516d23)
Start importing Assets/Samples/XR Interaction Toolkit/3.1.2/Starter Assets/Filters/AnyGazedAtTeleportAnchorFilter.asset using Guid(0f906c94e2aa0c3488832acc1db04295) Importer(2089858483,0ecaa5967403d082aa24f35e1b516d23)  -> (artifact id: 'e7f441e8704983d5fc2b631e6cd2a055') in 0.037502 seconds
Number of updated asset objects reloaded before import = 0
Number of asset objects unloaded after import = 1
========================================================================
Received Import Request.
  Time since last request: 0.000089 seconds.
  path: Assets/Samples/XR Interaction Toolkit/3.1.2/Starter Assets/Models/Primitive_Cylinder.fbx
  artifactKey: Guid(9e1dc1c14313460d872de39e35129b39) Importer(2089858483,0ecaa5967403d082aa24f35e1b516d23)
Start importing Assets/Samples/XR Interaction Toolkit/3.1.2/Starter Assets/Models/Primitive_Cylinder.fbx using Guid(9e1dc1c14313460d872de39e35129b39) Importer(2089858483,0ecaa5967403d082aa24f35e1b516d23)  -> (artifact id: '5c66acc7663fe12121c00eda6e2c34a0') in 0.053272 seconds
Number of updated asset objects reloaded before import = 0
Number of asset objects unloaded after import = 7
========================================================================
Received Import Request.
  Time since last request: 0.000019 seconds.
  path: Assets/Samples/XR Interaction Toolkit/3.1.2/Starter Assets/Models/Primitive_Wedge.fbx
  artifactKey: Guid(ab3a79eba4de4be0ad5fead9fb858190) Importer(2089858483,0ecaa5967403d082aa24f35e1b516d23)
Start importing Assets/Samples/XR Interaction Toolkit/3.1.2/Starter Assets/Models/Primitive_Wedge.fbx using Guid(ab3a79eba4de4be0ad5fead9fb858190) Importer(2089858483,0ecaa5967403d082aa24f35e1b516d23)  -> (artifact id: 'f94905e234e10261ce340b5d74460846') in 0.050549 seconds
Number of updated asset objects reloaded before import = 0
Number of asset objects unloaded after import = 7
========================================================================
Received Import Request.
  Time since last request: 0.000041 seconds.
  path: Assets/Samples/XR Interaction Toolkit/3.1.2/Starter Assets/Presets/XRI Default Continuous Move.preset
  artifactKey: Guid(27c5945ad36f6f147bc402250679a228) Importer(2089858483,0ecaa5967403d082aa24f35e1b516d23)
Start importing Assets/Samples/XR Interaction Toolkit/3.1.2/Starter Assets/Presets/XRI Default Continuous Move.preset using Guid(27c5945ad36f6f147bc402250679a228) Importer(2089858483,0ecaa5967403d082aa24f35e1b516d23)  -> (artifact id: 'ac447d1265eec271cfa080e48c3c3a7f') in 0.073030 seconds
Number of updated asset objects reloaded before import = 0
Number of asset objects unloaded after import = 5
========================================================================
Received Import Request.
  Time since last request: 0.000036 seconds.
  path: Assets/Samples/XR Interaction Toolkit/3.1.2/Starter Assets/Presets/XRI Default Right Controller InputActionManager.preset
  artifactKey: Guid(55f7614a1d331d14bb631965514937d8) Importer(2089858483,0ecaa5967403d082aa24f35e1b516d23)
Start importing Assets/Samples/XR Interaction Toolkit/3.1.2/Starter Assets/Presets/XRI Default Right Controller InputActionManager.preset using Guid(55f7614a1d331d14bb631965514937d8) Importer(2089858483,0ecaa5967403d082aa24f35e1b516d23)  -> (artifact id: '0dbd0c5cd90b1093a27d675f913ebb1e') in 0.040707 seconds
Number of updated asset objects reloaded before import = 0
Number of asset objects unloaded after import = 9
========================================================================
Received Import Request.
  Time since last request: 0.000020 seconds.
  path: Assets/Samples/XR Interaction Toolkit/3.1.2/Starter Assets/Presets/XRI Default Dynamic Move.preset
  artifactKey: Guid(da25954ba1a2e604294f2ccda1d6372c) Importer(2089858483,0ecaa5967403d082aa24f35e1b516d23)
Start importing Assets/Samples/XR Interaction Toolkit/3.1.2/Starter Assets/Presets/XRI Default Dynamic Move.preset using Guid(da25954ba1a2e604294f2ccda1d6372c) Importer(2089858483,0ecaa5967403d082aa24f35e1b516d23)  -> (artifact id: 'c686fbcf5ef1bee5b741ad2206fb618a') in 0.024176 seconds
Number of updated asset objects reloaded before import = 0
Number of asset objects unloaded after import = 5
========================================================================
Received Import Request.
  Time since last request: 0.000241 seconds.
  path: Assets/Samples/XR Interaction Toolkit/3.1.2/Starter Assets/Models/Pinch_Pointer_LOD0.fbx
  artifactKey: Guid(e053b8fbc416ba349b4a58a26410bba2) Importer(2089858483,0ecaa5967403d082aa24f35e1b516d23)
Start importing Assets/Samples/XR Interaction Toolkit/3.1.2/Starter Assets/Models/Pinch_Pointer_LOD0.fbx using Guid(e053b8fbc416ba349b4a58a26410bba2) Importer(2089858483,0ecaa5967403d082aa24f35e1b516d23)  -> (artifact id: '69023dfa16126d66435be5f6bb3e38e9') in 0.041289 seconds
Number of updated asset objects reloaded before import = 0
Number of asset objects unloaded after import = 6
========================================================================
Received Import Request.
  Time since last request: 0.000092 seconds.
  path: Assets/Samples/XR Interaction Toolkit/3.1.2/Starter Assets/Materials/UI-NoZTest.mat
  artifactKey: Guid(6f3d696f7c3365846b6dc2402afb3d3e) Importer(2089858483,0ecaa5967403d082aa24f35e1b516d23)
Start importing Assets/Samples/XR Interaction Toolkit/3.1.2/Starter Assets/Materials/UI-NoZTest.mat using Guid(6f3d696f7c3365846b6dc2402afb3d3e) Importer(2089858483,0ecaa5967403d082aa24f35e1b516d23)  -> (artifact id: '3fd2a0e502ff1592752348bbdf430d89') in 0.132677 seconds
Number of updated asset objects reloaded before import = 0
Number of asset objects unloaded after import = 2
========================================================================
Received Import Request.
  Time since last request: 0.000026 seconds.
  path: Assets/Samples/XR Interaction Toolkit/3.1.2/Starter Assets/TunnelingVignette/TunnelingVignette.prefab
  artifactKey: Guid(6c8af5c8012f01440af6cb2bc3eb987c) Importer(2089858483,0ecaa5967403d082aa24f35e1b516d23)
Start importing Assets/Samples/XR Interaction Toolkit/3.1.2/Starter Assets/TunnelingVignette/TunnelingVignette.prefab using Guid(6c8af5c8012f01440af6cb2bc3eb987c) Importer(2089858483,0ecaa5967403d082aa24f35e1b516d23)  -> (artifact id: 'e3485196c7fd6acde9726a050150d090') in 0.061716 seconds
Number of updated asset objects reloaded before import = 0
Number of asset objects unloaded after import = 9
========================================================================
Received Import Request.
  Time since last request: 0.000036 seconds.
  path: Assets/Samples/XR Interaction Toolkit/3.1.2/Starter Assets/Scripts/XRPokeFollowAffordance.cs
  artifactKey: Guid(07b3638c2f5db5b479ff24c2859713d4) Importer(2089858483,0ecaa5967403d082aa24f35e1b516d23)
Start importing Assets/Samples/XR Interaction Toolkit/3.1.2/Starter Assets/Scripts/XRPokeFollowAffordance.cs using Guid(07b3638c2f5db5b479ff24c2859713d4) Importer(2089858483,0ecaa5967403d082aa24f35e1b516d23)  -> (artifact id: 'f70d50b75381eaf7c0797d68cd16b9b5') in 0.021767 seconds
Number of updated asset objects reloaded before import = 0
Number of asset objects unloaded after import = 1
========================================================================
Received Import Request.
  Time since last request: 0.000022 seconds.
  path: Assets/Samples/XR Interaction Toolkit/3.1.2/Starter Assets/Scripts/MaterialPipelineHandler.cs
  artifactKey: Guid(e7883133e628dff4a86f50c082f77055) Importer(2089858483,0ecaa5967403d082aa24f35e1b516d23)
Start importing Assets/Samples/XR Interaction Toolkit/3.1.2/Starter Assets/Scripts/MaterialPipelineHandler.cs using Guid(e7883133e628dff4a86f50c082f77055) Importer(2089858483,0ecaa5967403d082aa24f35e1b516d23)  -> (artifact id: 'cff4421b406c5ad395617474e56cf687') in 0.031009 seconds
Number of updated asset objects reloaded before import = 0
Number of asset objects unloaded after import = 1
========================================================================
Received Import Request.
  Time since last request: 0.000024 seconds.
  path: Assets/Samples/XR Interaction Toolkit/3.1.2/Starter Assets/Shaders/Unlit_Fresnel.shadergraph
  artifactKey: Guid(e19b5bb6cb8e91e43b1b5d81a069296f) Importer(2089858483,0ecaa5967403d082aa24f35e1b516d23)
Start importing Assets/Samples/XR Interaction Toolkit/3.1.2/Starter Assets/Shaders/Unlit_Fresnel.shadergraph using Guid(e19b5bb6cb8e91e43b1b5d81a069296f) Importer(2089858483,0ecaa5967403d082aa24f35e1b516d23)  -> (artifact id: '13438a0ec75591e213c854d7cb3f10cf') in 0.203023 seconds
Number of updated asset objects reloaded before import = 0
Number of asset objects unloaded after import = 3
========================================================================
Received Import Request.
  Time since last request: 0.000023 seconds.
  path: Assets/_ARMarker/Materials/BeachsideTown/CharacterNina.mat
  artifactKey: Guid(162190c008b5feb4281c4345812123e0) Importer(2089858483,0ecaa5967403d082aa24f35e1b516d23)
Start importing Assets/_ARMarker/Materials/BeachsideTown/CharacterNina.mat using Guid(162190c008b5feb4281c4345812123e0) Importer(2089858483,0ecaa5967403d082aa24f35e1b516d23)  -> (artifact id: '3ce1434c20a143ea3fd41d3c3e2e40c0') in 0.174995 seconds
Number of updated asset objects reloaded before import = 0
Number of asset objects unloaded after import = 5
========================================================================
Received Import Request.
  Time since last request: 0.000029 seconds.
  path: Assets/_ARMarker/SourceFiles/Models/BeachsideTown/Environment/GroundPavementRoad.FBX
  artifactKey: Guid(33fa59857d7ec6e468808aca63d2f07e) Importer(2089858483,0ecaa5967403d082aa24f35e1b516d23)
Start importing Assets/_ARMarker/SourceFiles/Models/BeachsideTown/Environment/GroundPavementRoad.FBX using Guid(33fa59857d7ec6e468808aca63d2f07e) Importer(2089858483,0ecaa5967403d082aa24f35e1b516d23)  -> (artifact id: 'a3038d6092dece77839006557979ba6a') in 0.025733 seconds
Number of updated asset objects reloaded before import = 0
Number of asset objects unloaded after import = 7
========================================================================
Received Import Request.
  Time since last request: 0.000018 seconds.
  path: Assets/Samples/XR Interaction Toolkit/3.1.2/AR Starter Assets/ARDemoSceneAssets/Animation/MenuHide.anim
  artifactKey: Guid(a849d36c09e49445db8756e10ac2dbe7) Importer(2089858483,0ecaa5967403d082aa24f35e1b516d23)
Start importing Assets/Samples/XR Interaction Toolkit/3.1.2/AR Starter Assets/ARDemoSceneAssets/Animation/MenuHide.anim using Guid(a849d36c09e49445db8756e10ac2dbe7) Importer(2089858483,0ecaa5967403d082aa24f35e1b516d23)  -> (artifact id: '4668c6d5bbc8dbb2ea9d719828893ff0') in 0.038119 seconds
Number of updated asset objects reloaded before import = 0
Number of asset objects unloaded after import = 1
========================================================================
Received Import Request.
  Time since last request: 0.000021 seconds.
  path: Assets/Samples/XR Interaction Toolkit/3.1.2/AR Starter Assets/ARDemoSceneAssets/AffordanceThemes/InteractionColor.asset
  artifactKey: Guid(d5504b88946c14d2b877dca02a8aecfc) Importer(2089858483,0ecaa5967403d082aa24f35e1b516d23)
Start importing Assets/Samples/XR Interaction Toolkit/3.1.2/AR Starter Assets/ARDemoSceneAssets/AffordanceThemes/InteractionColor.asset using Guid(d5504b88946c14d2b877dca02a8aecfc) Importer(2089858483,0ecaa5967403d082aa24f35e1b516d23)  -> (artifact id: '5c3a02cdf8b2b548ae1a88c27f01cc36') in 0.021655 seconds
Number of updated asset objects reloaded before import = 0
Number of asset objects unloaded after import = 1
========================================================================
Received Import Request.
  Time since last request: 0.000081 seconds.
  path: Assets/Samples/XR Interaction Toolkit/3.1.2/AR Starter Assets/ARDemoSceneAssets/Models/Primitive_Arch.fbx
  artifactKey: Guid(1b1d3fffb2c30434b903b78194cc0997) Importer(2089858483,0ecaa5967403d082aa24f35e1b516d23)
Start importing Assets/Samples/XR Interaction Toolkit/3.1.2/AR Starter Assets/ARDemoSceneAssets/Models/Primitive_Arch.fbx using Guid(1b1d3fffb2c30434b903b78194cc0997) Importer(2089858483,0ecaa5967403d082aa24f35e1b516d23)  -> (artifact id: '8e219917529e769e48b9d36b99a7e3e2') in 0.027739 seconds
Number of updated asset objects reloaded before import = 0
Number of asset objects unloaded after import = 7
========================================================================
Received Import Request.
  Time since last request: 0.000025 seconds.
  path: Assets/_ARMarker/SourceFiles/Models/BeachsideTown/Environment/Flag.fbx
  artifactKey: Guid(db575c8a2ebd40e419fa997768cab293) Importer(2089858483,0ecaa5967403d082aa24f35e1b516d23)
Start importing Assets/_ARMarker/SourceFiles/Models/BeachsideTown/Environment/Flag.fbx using Guid(db575c8a2ebd40e419fa997768cab293) Importer(2089858483,0ecaa5967403d082aa24f35e1b516d23)  -> (artifact id: '18066701d0d1e254c443145ce86519a5') in 0.024847 seconds
Number of updated asset objects reloaded before import = 0
Number of asset objects unloaded after import = 14
========================================================================
Received Import Request.
  Time since last request: 0.000019 seconds.
  path: Assets/_ARMarker/Materials/BeachsideTown/SparksParticle.mat
  artifactKey: Guid(66b74d66e1537114cabd1cab4e5054d4) Importer(2089858483,0ecaa5967403d082aa24f35e1b516d23)
Start importing Assets/_ARMarker/Materials/BeachsideTown/SparksParticle.mat using Guid(66b74d66e1537114cabd1cab4e5054d4) Importer(2089858483,0ecaa5967403d082aa24f35e1b516d23)  -> (artifact id: '40e97fe765fbfdd34a5e3c2ddc738706') in 0.065527 seconds
Number of updated asset objects reloaded before import = 0
Number of asset objects unloaded after import = 2
========================================================================
Received Import Request.
  Time since last request: 0.000019 seconds.
  path: Assets/_ARMarker/Materials/BeachsideTown/FlagPoleBlackMat.mat
  artifactKey: Guid(e3d3775e239865848a4d971b03e489c1) Importer(2089858483,0ecaa5967403d082aa24f35e1b516d23)
Start importing Assets/_ARMarker/Materials/BeachsideTown/FlagPoleBlackMat.mat using Guid(e3d3775e239865848a4d971b03e489c1) Importer(2089858483,0ecaa5967403d082aa24f35e1b516d23)  -> (artifact id: '075847c73316f65425ab19bd36b42ba7') in 0.041009 seconds
Number of updated asset objects reloaded before import = 0
Number of asset objects unloaded after import = 1
========================================================================
Received Import Request.
  Time since last request: 0.000031 seconds.
  path: Assets/_ARMarker/Materials/BeachsideTown/WallBBlue.mat
  artifactKey: Guid(c69decf714398914fa7ee0e3bee91de5) Importer(2089858483,0ecaa5967403d082aa24f35e1b516d23)
Start importing Assets/_ARMarker/Materials/BeachsideTown/WallBBlue.mat using Guid(c69decf714398914fa7ee0e3bee91de5) Importer(2089858483,0ecaa5967403d082aa24f35e1b516d23)  -> (artifact id: '8cf762b5380d2730b4ea28dd097faf7f') in 0.175270 seconds
Number of updated asset objects reloaded before import = 0
Number of asset objects unloaded after import = 5
========================================================================
Received Import Request.
  Time since last request: 0.000016 seconds.
  path: Assets/Samples/XR Interaction Toolkit/3.1.2/AR Starter Assets/ARDemoSceneAssets/Sprites/Button - Rounded Radius - 4px.png
  artifactKey: Guid(df3b17ab68da00343a77bebb0c295407) Importer(2089858483,0ecaa5967403d082aa24f35e1b516d23)
Start importing Assets/Samples/XR Interaction Toolkit/3.1.2/AR Starter Assets/ARDemoSceneAssets/Sprites/Button - Rounded Radius - 4px.png using Guid(df3b17ab68da00343a77bebb0c295407) Importer(2089858483,0ecaa5967403d082aa24f35e1b516d23)  -> (artifact id: 'e81099d30ce84800dd726dafb0006cd2') in 0.027466 seconds
Number of updated asset objects reloaded before import = 0
Number of asset objects unloaded after import = 3
========================================================================
Received Import Request.
  Time since last request: 0.000021 seconds.
  path: Assets/Samples/XR Interaction Toolkit/3.1.2/Starter Assets/DemoSceneAssets/Models/Primitive_Cylinder.fbx
  artifactKey: Guid(73b694bb0f61cd14e9e1ed7b578ac09a) Importer(2089858483,0ecaa5967403d082aa24f35e1b516d23)
Start importing Assets/Samples/XR Interaction Toolkit/3.1.2/Starter Assets/DemoSceneAssets/Models/Primitive_Cylinder.fbx using Guid(73b694bb0f61cd14e9e1ed7b578ac09a) Importer(2089858483,0ecaa5967403d082aa24f35e1b516d23)  -> (artifact id: 'f82f55f292b83ce443a77ab4b2138ae6') in 0.039603 seconds
Number of updated asset objects reloaded before import = 0
Number of asset objects unloaded after import = 7
========================================================================
Received Import Request.
  Time since last request: 0.000026 seconds.
  path: Assets/Samples/XR Interaction Toolkit/3.1.2/Starter Assets/DemoSceneAssets/Models/Primitive_Pyramid.fbx
  artifactKey: Guid(63e02ddb08ce42da868504e1333d48ae) Importer(2089858483,0ecaa5967403d082aa24f35e1b516d23)
Start importing Assets/Samples/XR Interaction Toolkit/3.1.2/Starter Assets/DemoSceneAssets/Models/Primitive_Pyramid.fbx using Guid(63e02ddb08ce42da868504e1333d48ae) Importer(2089858483,0ecaa5967403d082aa24f35e1b516d23)  -> (artifact id: '8c056ed36c43e7767b1e81000dca6718') in 0.036514 seconds
Number of updated asset objects reloaded before import = 0
Number of asset objects unloaded after import = 7
========================================================================
Received Import Request.
  Time since last request: 0.000017 seconds.
  path: Assets/Samples/XR Interaction Toolkit/3.1.2/Starter Assets/DemoSceneAssets/Audio/Button Pop.wav
  artifactKey: Guid(16fba6d30ed741d4a9fdd6e79ee2f3ac) Importer(2089858483,0ecaa5967403d082aa24f35e1b516d23)
Start importing Assets/Samples/XR Interaction Toolkit/3.1.2/Starter Assets/DemoSceneAssets/Audio/Button Pop.wav using Guid(16fba6d30ed741d4a9fdd6e79ee2f3ac) Importer(2089858483,0ecaa5967403d082aa24f35e1b516d23)  -> (artifact id: '007ecda59ac430e6b0514a714d4d2ac5') in 0.089901 seconds
Number of updated asset objects reloaded before import = 0
Number of asset objects unloaded after import = 1
========================================================================
Received Import Request.
  Time since last request: 0.000021 seconds.
  path: Assets/Samples/XR Interaction Toolkit/3.1.2/AR Starter Assets/ARDemoSceneAssets/Prefabs/Debug Cube.prefab
  artifactKey: Guid(cec25213e5ba74da1ae7d3e2036e000d) Importer(2089858483,0ecaa5967403d082aa24f35e1b516d23)
Start importing Assets/Samples/XR Interaction Toolkit/3.1.2/AR Starter Assets/ARDemoSceneAssets/Prefabs/Debug Cube.prefab using Guid(cec25213e5ba74da1ae7d3e2036e000d) Importer(2089858483,0ecaa5967403d082aa24f35e1b516d23)  -> (artifact id: 'dec99e85315fb7eca6131b7001db60a4') in 0.029981 seconds
Number of updated asset objects reloaded before import = 0
Number of asset objects unloaded after import = 40
========================================================================
Received Import Request.
  Time since last request: 0.000019 seconds.
  path: Assets/Samples/XR Interaction Toolkit/3.1.2/AR Starter Assets/ARDemoSceneAssets/Sprites/Button - Rounded Highlight.png
  artifactKey: Guid(c5adfe294554543868fc7cf60dded650) Importer(2089858483,0ecaa5967403d082aa24f35e1b516d23)
Start importing Assets/Samples/XR Interaction Toolkit/3.1.2/AR Starter Assets/ARDemoSceneAssets/Sprites/Button - Rounded Highlight.png using Guid(c5adfe294554543868fc7cf60dded650) Importer(2089858483,0ecaa5967403d082aa24f35e1b516d23)  -> (artifact id: '15cd9ac0f1695019fd7be2bc428c1f65') in 0.028026 seconds
Number of updated asset objects reloaded before import = 0
Number of asset objects unloaded after import = 3
========================================================================
Received Import Request.
  Time since last request: 0.000020 seconds.
  path: Assets/Samples/XR Interaction Toolkit/3.1.2/AR Starter Assets/ARDemoSceneAssets/Prefabs/Pyramid.prefab
  artifactKey: Guid(5642b79498b10465fa9219ba4682355b) Importer(2089858483,0ecaa5967403d082aa24f35e1b516d23)
Start importing Assets/Samples/XR Interaction Toolkit/3.1.2/AR Starter Assets/ARDemoSceneAssets/Prefabs/Pyramid.prefab using Guid(5642b79498b10465fa9219ba4682355b) Importer(2089858483,0ecaa5967403d082aa24f35e1b516d23)  -> (artifact id: 'bd1ce67fac98dceea13007be706c3341') in 0.037084 seconds
Number of updated asset objects reloaded before import = 0
Number of asset objects unloaded after import = 23
========================================================================
Received Import Request.
  Time since last request: 0.000025 seconds.
  path: Assets/Samples/XR Interaction Toolkit/3.1.2/AR Starter Assets/ARDemoSceneAssets/Sprites/Icon - Object - Rounded Cube.png
  artifactKey: Guid(930e939e9def94ef69711892eaa9af81) Importer(2089858483,0ecaa5967403d082aa24f35e1b516d23)
Start importing Assets/Samples/XR Interaction Toolkit/3.1.2/AR Starter Assets/ARDemoSceneAssets/Sprites/Icon - Object - Rounded Cube.png using Guid(930e939e9def94ef69711892eaa9af81) Importer(2089858483,0ecaa5967403d082aa24f35e1b516d23)  -> (artifact id: '6ec533b4203eadf6e58ac4a26dbd6fa8') in 0.032658 seconds
Number of updated asset objects reloaded before import = 0
Number of asset objects unloaded after import = 3
========================================================================
Received Import Request.
  Time since last request: 0.000131 seconds.
  path: Assets/Samples/XR Interaction Toolkit/3.1.2/Starter Assets/DemoSceneAssets/Materials/MaterialPipelineHandler.asset
  artifactKey: Guid(fcbe69f7b69204d43b67d30e2487c37c) Importer(2089858483,0ecaa5967403d082aa24f35e1b516d23)
Start importing Assets/Samples/XR Interaction Toolkit/3.1.2/Starter Assets/DemoSceneAssets/Materials/MaterialPipelineHandler.asset using Guid(fcbe69f7b69204d43b67d30e2487c37c) Importer(2089858483,0ecaa5967403d082aa24f35e1b516d23)  -> (artifact id: '4cf5678f495a675f28c6abca9880b7c3') in 0.024496 seconds
Number of updated asset objects reloaded before import = 0
Number of asset objects unloaded after import = 5
========================================================================
Received Import Request.
  Time since last request: 0.000017 seconds.
  path: Assets/TextMesh Pro/Resources/Fonts & Materials/LiberationSans SDF - Fallback.asset
  artifactKey: Guid(2e498d1c8094910479dc3e1b768306a4) Importer(2089858483,0ecaa5967403d082aa24f35e1b516d23)
Start importing Assets/TextMesh Pro/Resources/Fonts & Materials/LiberationSans SDF - Fallback.asset using Guid(2e498d1c8094910479dc3e1b768306a4) Importer(2089858483,0ecaa5967403d082aa24f35e1b516d23)  -> (artifact id: '4ec650d4a3d8ce79addf5b7d9efc9d2d') in 0.027882 seconds
Number of updated asset objects reloaded before import = 0
Number of asset objects unloaded after import = 6
========================================================================
Received Import Request.
  Time since last request: 0.000019 seconds.
  path: Assets/TextMesh Pro/Resources/Fonts & Materials/LiberationSans SDF.asset
  artifactKey: Guid(8f586378b4e144a9851e7b34d9b748ee) Importer(2089858483,0ecaa5967403d082aa24f35e1b516d23)
Start importing Assets/TextMesh Pro/Resources/Fonts & Materials/LiberationSans SDF.asset using Guid(8f586378b4e144a9851e7b34d9b748ee) Importer(2089858483,0ecaa5967403d082aa24f35e1b516d23)  -> (artifact id: 'fc2a411d2d98454eaf8397e0720e360e') in 0.041014 seconds
Number of updated asset objects reloaded before import = 0
Number of asset objects unloaded after import = 9
========================================================================
Received Import Request.
  Time since last request: 0.000017 seconds.
  path: Assets/Samples/XR Interaction Toolkit/3.1.2/Starter Assets/DemoSceneAssets/Sprites/Checkmark.png
  artifactKey: Guid(db3e7b7c8db355e499429545071a0321) Importer(2089858483,0ecaa5967403d082aa24f35e1b516d23)
Start importing Assets/Samples/XR Interaction Toolkit/3.1.2/Starter Assets/DemoSceneAssets/Sprites/Checkmark.png using Guid(db3e7b7c8db355e499429545071a0321) Importer(2089858483,0ecaa5967403d082aa24f35e1b516d23)  -> (artifact id: '7350d53e73791e1e7b6aa022cb726064') in 0.038344 seconds
Number of updated asset objects reloaded before import = 0
Number of asset objects unloaded after import = 3
========================================================================
Received Import Request.
  Time since last request: 0.000016 seconds.
  path: Assets/Samples/XR Interaction Toolkit/3.1.2/Starter Assets/DemoSceneAssets/Models/PushButton.fbx
  artifactKey: Guid(7ab6f3b0fd1a6ba41b2a47766c16613f) Importer(2089858483,0ecaa5967403d082aa24f35e1b516d23)
Start importing Assets/Samples/XR Interaction Toolkit/3.1.2/Starter Assets/DemoSceneAssets/Models/PushButton.fbx using Guid(7ab6f3b0fd1a6ba41b2a47766c16613f) Importer(2089858483,0ecaa5967403d082aa24f35e1b516d23)  -> (artifact id: '06e8e5d554fdc9052dd454127a85ca9c') in 0.030612 seconds
Number of updated asset objects reloaded before import = 0
Number of asset objects unloaded after import = 18
========================================================================
Received Import Request.
  Time since last request: 0.000022 seconds.
  path: Assets/Samples/XR Interaction Toolkit/3.1.2/Starter Assets/DemoSceneAssets/Settings/TeleportDestinationSettings.asset
  artifactKey: Guid(8d66c9762e1587643a1164368c8a2c58) Importer(2089858483,0ecaa5967403d082aa24f35e1b516d23)
Start importing Assets/Samples/XR Interaction Toolkit/3.1.2/Starter Assets/DemoSceneAssets/Settings/TeleportDestinationSettings.asset using Guid(8d66c9762e1587643a1164368c8a2c58) Importer(2089858483,0ecaa5967403d082aa24f35e1b516d23)  -> (artifact id: 'dacb8a1cfe5964fdbfbe97e772fddf40') in 0.064340 seconds
Number of updated asset objects reloaded before import = 0
Number of asset objects unloaded after import = 2
========================================================================
Received Import Request.
  Time since last request: 0.000026 seconds.
  path: Assets/Samples/XR Interaction Toolkit/3.1.2/Starter Assets/DemoSceneAssets/Prefabs/Gaze Interactables.prefab
  artifactKey: Guid(e05cd47ab8981f64badd3bfe29af8f4e) Importer(2089858483,0ecaa5967403d082aa24f35e1b516d23)
Start importing Assets/Samples/XR Interaction Toolkit/3.1.2/Starter Assets/DemoSceneAssets/Prefabs/Gaze Interactables.prefab using Guid(e05cd47ab8981f64badd3bfe29af8f4e) Importer(2089858483,0ecaa5967403d082aa24f35e1b516d23)  -> (artifact id: '23d5194282b8e378cc85bee65271c8f3') in 0.048188 seconds
Number of updated asset objects reloaded before import = 0
Number of asset objects unloaded after import = 41
========================================================================
Received Import Request.
  Time since last request: 0.000015 seconds.
  path: Assets/Samples/XR Interaction Toolkit/3.1.2/Starter Assets/Prefabs/Interactors/Left_NearFarInteractor.prefab
  artifactKey: Guid(3df3e1220f2164f448701a6de8084f92) Importer(2089858483,0ecaa5967403d082aa24f35e1b516d23)
Start importing Assets/Samples/XR Interaction Toolkit/3.1.2/Starter Assets/Prefabs/Interactors/Left_NearFarInteractor.prefab using Guid(3df3e1220f2164f448701a6de8084f92) Importer(2089858483,0ecaa5967403d082aa24f35e1b516d23)  -> (artifact id: '49d4e183719ffc23b34f4b0d218c94e9') in 0.213219 seconds
Number of updated asset objects reloaded before import = 0
Number of asset objects unloaded after import = 24
========================================================================
Received Import Request.
  Time since last request: 0.000025 seconds.
  path: Assets/Samples/XR Interaction Toolkit/3.1.2/Starter Assets/Prefabs/Interactors/Poke Interactor.prefab
  artifactKey: Guid(27024f5809f4a4347b9cd7f26a1bdf93) Importer(2089858483,0ecaa5967403d082aa24f35e1b516d23)
Start importing Assets/Samples/XR Interaction Toolkit/3.1.2/Starter Assets/Prefabs/Interactors/Poke Interactor.prefab using Guid(27024f5809f4a4347b9cd7f26a1bdf93) Importer(2089858483,0ecaa5967403d082aa24f35e1b516d23)  -> (artifact id: '15f55497170917b01d115246f590f0af') in 0.048520 seconds
Number of updated asset objects reloaded before import = 0
Number of asset objects unloaded after import = 12
========================================================================
Received Import Request.
  Time since last request: 0.000033 seconds.
  path: Assets/Samples/XR Interaction Toolkit/3.1.2/Starter Assets/Prefabs/Interactors/Direct Interactor.prefab
  artifactKey: Guid(2fd3e07afe5b461490fb8e314976b1b0) Importer(2089858483,0ecaa5967403d082aa24f35e1b516d23)
Start importing Assets/Samples/XR Interaction Toolkit/3.1.2/Starter Assets/Prefabs/Interactors/Direct Interactor.prefab using Guid(2fd3e07afe5b461490fb8e314976b1b0) Importer(2089858483,0ecaa5967403d082aa24f35e1b516d23)  -> (artifact id: 'ce2142df8eff69d09663f698bdbd93c9') in 0.075136 seconds
Number of updated asset objects reloaded before import = 0
Number of asset objects unloaded after import = 8
========================================================================
Received Import Request.
  Time since last request: 0.000021 seconds.
  path: Assets/Samples/XR Interaction Toolkit/3.1.2/Starter Assets/DemoSceneAssets/Prefabs/Interactables/Blaser.prefab
  artifactKey: Guid(3549fdaf258e11846b85a316c16c699c) Importer(2089858483,0ecaa5967403d082aa24f35e1b516d23)
Start importing Assets/Samples/XR Interaction Toolkit/3.1.2/Starter Assets/DemoSceneAssets/Prefabs/Interactables/Blaser.prefab using Guid(3549fdaf258e11846b85a316c16c699c) Importer(2089858483,0ecaa5967403d082aa24f35e1b516d23)  -> (artifact id: 'b9d3e840e36ac64c90bc4909136b1c42') in 0.054390 seconds
Number of updated asset objects reloaded before import = 0
Number of asset objects unloaded after import = 29
========================================================================
Received Import Request.
  Time since last request: 0.000020 seconds.
  path: Assets/Samples/XR Interaction Toolkit/3.1.2/Starter Assets/DemoSceneAssets/Prefabs/Interactables/Torus-Cut.prefab
  artifactKey: Guid(833cb867d186193418fc107735ae3139) Importer(2089858483,0ecaa5967403d082aa24f35e1b516d23)
Start importing Assets/Samples/XR Interaction Toolkit/3.1.2/Starter Assets/DemoSceneAssets/Prefabs/Interactables/Torus-Cut.prefab using Guid(833cb867d186193418fc107735ae3139) Importer(2089858483,0ecaa5967403d082aa24f35e1b516d23)  -> (artifact id: 'a9f35641c97b8e120bf96d38f0422a3b') in 0.063845 seconds
Number of updated asset objects reloaded before import = 0
Number of asset objects unloaded after import = 22
========================================================================
Received Import Request.
  Time since last request: 0.000018 seconds.
  path: Assets/Samples/XR Interaction Toolkit/3.1.2/Starter Assets/DemoSceneAssets/Prefabs/UI/Icon Toggle.prefab
  artifactKey: Guid(541ed11e270c6994ca5910042c7e04da) Importer(2089858483,0ecaa5967403d082aa24f35e1b516d23)
Start importing Assets/Samples/XR Interaction Toolkit/3.1.2/Starter Assets/DemoSceneAssets/Prefabs/UI/Icon Toggle.prefab using Guid(541ed11e270c6994ca5910042c7e04da) Importer(2089858483,0ecaa5967403d082aa24f35e1b516d23)  -> (artifact id: '7a5b071ef34854ce5aa282bd88c7e310') in 0.070244 seconds
Number of updated asset objects reloaded before import = 0
Number of asset objects unloaded after import = 24
========================================================================
Received Import Request.
  Time since last request: 0.000029 seconds.
  path: Assets/Samples/XR Interaction Toolkit/3.1.2/Starter Assets/DemoSceneAssets/Prefabs/Climb/Climbing Wall.prefab
  artifactKey: Guid(a0ea40bd139aedc43b0e8374d6139437) Importer(2089858483,0ecaa5967403d082aa24f35e1b516d23)
Start importing Assets/Samples/XR Interaction Toolkit/3.1.2/Starter Assets/DemoSceneAssets/Prefabs/Climb/Climbing Wall.prefab using Guid(a0ea40bd139aedc43b0e8374d6139437) Importer(2089858483,0ecaa5967403d082aa24f35e1b516d23)  -> (artifact id: '7c6007e39e6ff94b8064e064f460e898') in 0.039154 seconds
Number of updated asset objects reloaded before import = 0
Number of asset objects unloaded after import = 345
========================================================================
Received Import Request.
  Time since last request: 0.000019 seconds.
  path: Assets/Samples/XR Interaction Toolkit/3.1.2/Starter Assets/DemoSceneAssets/Models/Primitive_Torus_Cut.fbx
  artifactKey: Guid(46c1c422ff6897f49a404b012dc924d3) Importer(2089858483,0ecaa5967403d082aa24f35e1b516d23)
Start importing Assets/Samples/XR Interaction Toolkit/3.1.2/Starter Assets/DemoSceneAssets/Models/Primitive_Torus_Cut.fbx using Guid(46c1c422ff6897f49a404b012dc924d3) Importer(2089858483,0ecaa5967403d082aa24f35e1b516d23)  -> (artifact id: '304f5b23795cec27bda6f94dc956155c') in 0.030065 seconds
Number of updated asset objects reloaded before import = 0
Number of asset objects unloaded after import = 7
========================================================================
Received Import Request.
  Time since last request: 0.000019 seconds.
  path: Assets/Samples/XR Interaction Toolkit/3.1.2/Starter Assets/DemoSceneAssets/Prefabs/Far Grab Samples.prefab
  artifactKey: Guid(f5ee409d69254d64da7a3b74d31a5a40) Importer(2089858483,0ecaa5967403d082aa24f35e1b516d23)
Start importing Assets/Samples/XR Interaction Toolkit/3.1.2/Starter Assets/DemoSceneAssets/Prefabs/Far Grab Samples.prefab using Guid(f5ee409d69254d64da7a3b74d31a5a40) Importer(2089858483,0ecaa5967403d082aa24f35e1b516d23)  -> (artifact id: 'a1b522b9285b737301b2490d882644db') in 0.042356 seconds
Number of updated asset objects reloaded before import = 0
Number of asset objects unloaded after import = 78
========================================================================
Received Import Request.
  Time since last request: 0.000016 seconds.
  path: Assets/Samples/XR Interaction Toolkit/3.1.2/Starter Assets/DemoSceneAssets/Prefabs/Interactables/Cylinder.prefab
  artifactKey: Guid(2ed984a58a974166bf92c82a74380454) Importer(2089858483,0ecaa5967403d082aa24f35e1b516d23)
Start importing Assets/Samples/XR Interaction Toolkit/3.1.2/Starter Assets/DemoSceneAssets/Prefabs/Interactables/Cylinder.prefab using Guid(2ed984a58a974166bf92c82a74380454) Importer(2089858483,0ecaa5967403d082aa24f35e1b516d23)  -> (artifact id: '757e03057e4b32cd204c118d2e36e118') in 0.054030 seconds
Number of updated asset objects reloaded before import = 0
Number of asset objects unloaded after import = 23
========================================================================
Received Import Request.
  Time since last request: 0.000019 seconds.
  path: Assets/Samples/XR Interaction Toolkit/3.1.2/Starter Assets/DemoSceneAssets/Sprites/Round Radius 4.png
  artifactKey: Guid(affa059594145a843b81788037b4ee21) Importer(2089858483,0ecaa5967403d082aa24f35e1b516d23)
Start importing Assets/Samples/XR Interaction Toolkit/3.1.2/Starter Assets/DemoSceneAssets/Sprites/Round Radius 4.png using Guid(affa059594145a843b81788037b4ee21) Importer(2089858483,0ecaa5967403d082aa24f35e1b516d23)  -> (artifact id: '14e1472740b6d3cef019f7ac0e0ebabd') in 0.030070 seconds
Number of updated asset objects reloaded before import = 0
Number of asset objects unloaded after import = 3
========================================================================
Received Import Request.
  Time since last request: 0.000022 seconds.
  path: Assets/Samples/XR Interaction Toolkit/3.1.2/Starter Assets/TunnelingVignette/TunnelingVignette.mat
  artifactKey: Guid(0a35b7e20f75a8540a2c14b9555078cb) Importer(2089858483,0ecaa5967403d082aa24f35e1b516d23)
Start importing Assets/Samples/XR Interaction Toolkit/3.1.2/Starter Assets/TunnelingVignette/TunnelingVignette.mat using Guid(0a35b7e20f75a8540a2c14b9555078cb) Importer(2089858483,0ecaa5967403d082aa24f35e1b516d23)  -> (artifact id: 'f780f7132293494c45959037a39aa011') in 0.038533 seconds
Number of updated asset objects reloaded before import = 0
Number of asset objects unloaded after import = 2
========================================================================
Received Import Request.
  Time since last request: 0.000025 seconds.
  path: Assets/Samples/XR Interaction Toolkit/3.1.2/Starter Assets/Scripts/TeleportVolumeAnchorAffordanceStateLink.cs
  artifactKey: Guid(7da98a0edd844d83b9b4de3f91de030c) Importer(2089858483,0ecaa5967403d082aa24f35e1b516d23)
Start importing Assets/Samples/XR Interaction Toolkit/3.1.2/Starter Assets/Scripts/TeleportVolumeAnchorAffordanceStateLink.cs using Guid(7da98a0edd844d83b9b4de3f91de030c) Importer(2089858483,0ecaa5967403d082aa24f35e1b516d23)  -> (artifact id: 'a5874c350822af307bb3f1c25e739f4f') in 0.023055 seconds
Number of updated asset objects reloaded before import = 0
Number of asset objects unloaded after import = 1
========================================================================
Received Import Request.
  Time since last request: 0.000036 seconds.
  path: Assets/_ARMarker/SourceFiles/Textures/BeachsideTown/DoorWindowsNormal.png
  artifactKey: Guid(cdfa4035f035e7a4b87fc8aa88cf2ddf) Importer(2089858483,0ecaa5967403d082aa24f35e1b516d23)
Start importing Assets/_ARMarker/SourceFiles/Textures/BeachsideTown/DoorWindowsNormal.png using Guid(cdfa4035f035e7a4b87fc8aa88cf2ddf) Importer(2089858483,0ecaa5967403d082aa24f35e1b516d23)  -> (artifact id: 'b056c4fe19f223d932500324919a819b') in 0.058713 seconds
Number of updated asset objects reloaded before import = 0
Number of asset objects unloaded after import = 1
========================================================================
Received Import Request.
  Time since last request: 0.000023 seconds.
  path: Assets/Samples/XR Interaction Toolkit/3.1.2/Starter Assets/DemoSceneAssets/Prefabs/Interactables/Blaser-Long.prefab
  artifactKey: Guid(fe7fcf44eedd467489de26ce92577bc3) Importer(2089858483,0ecaa5967403d082aa24f35e1b516d23)
Start importing Assets/Samples/XR Interaction Toolkit/3.1.2/Starter Assets/DemoSceneAssets/Prefabs/Interactables/Blaser-Long.prefab using Guid(fe7fcf44eedd467489de26ce92577bc3) Importer(2089858483,0ecaa5967403d082aa24f35e1b516d23)  -> (artifact id: '1c8c0071db169dac17bb1eac8ffb427d') in 0.042393 seconds
Number of updated asset objects reloaded before import = 0
Number of asset objects unloaded after import = 33
========================================================================
Received Import Request.
  Time since last request: 0.000015 seconds.
  path: Assets/MobileARTemplateAssets/UI/Prefabs/Prompt_ScanSurfaces.prefab
  artifactKey: Guid(4adf158126c1640ecbd52af1204f6421) Importer(2089858483,0ecaa5967403d082aa24f35e1b516d23)
Start importing Assets/MobileARTemplateAssets/UI/Prefabs/Prompt_ScanSurfaces.prefab using Guid(4adf158126c1640ecbd52af1204f6421) Importer(2089858483,0ecaa5967403d082aa24f35e1b516d23)  -> (artifact id: 'e22d7192fcebd6eba6987aa9eb50f72b') in 0.044640 seconds
Number of updated asset objects reloaded before import = 0
Number of asset objects unloaded after import = 39
========================================================================
Received Import Request.
  Time since last request: 0.000014 seconds.
  path: Assets/_ARMarker/Markers/ReferenceImageLibrary.asset
  artifactKey: Guid(e9bfce5ea60e3894483fae40eb674a2f) Importer(2089858483,0ecaa5967403d082aa24f35e1b516d23)
Start importing Assets/_ARMarker/Markers/ReferenceImageLibrary.asset using Guid(e9bfce5ea60e3894483fae40eb674a2f) Importer(2089858483,0ecaa5967403d082aa24f35e1b516d23)  -> (artifact id: '16ee436e671f7ce2fb53c0edb1341e03') in 0.085400 seconds
Number of updated asset objects reloaded before import = 0
Number of asset objects unloaded after import = 1
========================================================================
Received Import Request.
  Time since last request: 0.000021 seconds.
  path: Assets/Samples/XR Interaction Toolkit/3.1.2/Starter Assets/Prefabs/Affordances/HighlightInteractionAffordance.prefab
  artifactKey: Guid(6b12f432fa58c224baf0d659706362be) Importer(2089858483,0ecaa5967403d082aa24f35e1b516d23)
Start importing Assets/Samples/XR Interaction Toolkit/3.1.2/Starter Assets/Prefabs/Affordances/HighlightInteractionAffordance.prefab using Guid(6b12f432fa58c224baf0d659706362be) Importer(2089858483,0ecaa5967403d082aa24f35e1b516d23)  -> (artifact id: '0c69171d1a34c0194382c60bd07c354c') in 0.056835 seconds
Number of updated asset objects reloaded before import = 0
Number of asset objects unloaded after import = 12
========================================================================
Received Import Request.
  Time since last request: 0.000034 seconds.
  path: Assets/_ARMarker/SourceFiles/Textures/BeachsideTown/GroundCornerNormal.png
  artifactKey: Guid(380bc43e89e811e45a8b3139041dd31b) Importer(2089858483,0ecaa5967403d082aa24f35e1b516d23)
Start importing Assets/_ARMarker/SourceFiles/Textures/BeachsideTown/GroundCornerNormal.png using Guid(380bc43e89e811e45a8b3139041dd31b) Importer(2089858483,0ecaa5967403d082aa24f35e1b516d23)  -> (artifact id: '4e3b8d52311f2b6e54a880cc2338a09a') in 0.039962 seconds
Number of updated asset objects reloaded before import = 0
Number of asset objects unloaded after import = 1
========================================================================
Received Import Request.
  Time since last request: 0.000121 seconds.
  path: Assets/_ARMarker/Materials/JohnLemon/JohnLemon.mat
  artifactKey: Guid(107bf867140a5e74884af24a51b1be7a) Importer(2089858483,0ecaa5967403d082aa24f35e1b516d23)
Start importing Assets/_ARMarker/Materials/JohnLemon/JohnLemon.mat using Guid(107bf867140a5e74884af24a51b1be7a) Importer(2089858483,0ecaa5967403d082aa24f35e1b516d23)  -> (artifact id: 'b81d7763af851d99af7df23a0b5f7f3f') in 0.066096 seconds
Number of updated asset objects reloaded before import = 0
Number of asset objects unloaded after import = 4
========================================================================
Received Import Request.
  Time since last request: 0.000021 seconds.
  path: Assets/Samples/XR Interaction Toolkit/3.1.2/AR Starter Assets/ARDemoSceneAssets/Models/Primitive_Pyramid.fbx
  artifactKey: Guid(e760ff44a7adc4cf98ae34ae984d15a4) Importer(2089858483,0ecaa5967403d082aa24f35e1b516d23)
Start importing Assets/Samples/XR Interaction Toolkit/3.1.2/AR Starter Assets/ARDemoSceneAssets/Models/Primitive_Pyramid.fbx using Guid(e760ff44a7adc4cf98ae34ae984d15a4) Importer(2089858483,0ecaa5967403d082aa24f35e1b516d23)  -> (artifact id: 'bccea2c6ff16a54a4f801227412929bb') in 0.024417 seconds
Number of updated asset objects reloaded before import = 0
Number of asset objects unloaded after import = 7
========================================================================
Received Import Request.
  Time since last request: 0.000120 seconds.
  path: Assets/_ARMarker/Materials/BeachsideTown/GroundFireLogPile.mat
  artifactKey: Guid(be224644d9f9e85429e4997468d034b0) Importer(2089858483,0ecaa5967403d082aa24f35e1b516d23)
Start importing Assets/_ARMarker/Materials/BeachsideTown/GroundFireLogPile.mat using Guid(be224644d9f9e85429e4997468d034b0) Importer(2089858483,0ecaa5967403d082aa24f35e1b516d23)  -> (artifact id: 'a49da5a9fa7fb0deff28cb83f1a69db7') in 0.156237 seconds
Number of updated asset objects reloaded before import = 0
Number of asset objects unloaded after import = 5
========================================================================
Received Import Request.
  Time since last request: 0.000021 seconds.
  path: Assets/MobileARTemplateAssets/UI/Sprites/Icon-Hints.png
  artifactKey: Guid(9acf48fe73f174b7d8b31772eb10e075) Importer(2089858483,0ecaa5967403d082aa24f35e1b516d23)
Start importing Assets/MobileARTemplateAssets/UI/Sprites/Icon-Hints.png using Guid(9acf48fe73f174b7d8b31772eb10e075) Importer(2089858483,0ecaa5967403d082aa24f35e1b516d23)  -> (artifact id: '0e00a4d0fd910393d4559365e3e52d28') in 0.028468 seconds
Number of updated asset objects reloaded before import = 0
Number of asset objects unloaded after import = 3
========================================================================
Received Import Request.
  Time since last request: 0.000030 seconds.
  path: Assets/_ARMarker/SourceFiles/Textures/Fusebox/FuseboxBase.png
  artifactKey: Guid(b99d4eae51186fe4098dadc3b70f9ea2) Importer(2089858483,0ecaa5967403d082aa24f35e1b516d23)
Start importing Assets/_ARMarker/SourceFiles/Textures/Fusebox/FuseboxBase.png using Guid(b99d4eae51186fe4098dadc3b70f9ea2) Importer(2089858483,0ecaa5967403d082aa24f35e1b516d23)  -> (artifact id: 'f615f6d2509a007ebbe483571e4b1774') in 0.035721 seconds
Number of updated asset objects reloaded before import = 0
Number of asset objects unloaded after import = 1
========================================================================
Received Import Request.
  Time since last request: 0.000018 seconds.
  path: Assets/Samples/XR Interaction Toolkit/3.1.2/Starter Assets/DemoSceneAssets/AffordanceThemes/InteractionColor.asset
  artifactKey: Guid(3ec238cb3e80e274c844d7b56f585392) Importer(2089858483,0ecaa5967403d082aa24f35e1b516d23)
Start importing Assets/Samples/XR Interaction Toolkit/3.1.2/Starter Assets/DemoSceneAssets/AffordanceThemes/InteractionColor.asset using Guid(3ec238cb3e80e274c844d7b56f585392) Importer(2089858483,0ecaa5967403d082aa24f35e1b516d23)  -> (artifact id: '9d7a788258320ac5af33e3db22ec5274') in 0.021099 seconds
Number of updated asset objects reloaded before import = 0
Number of asset objects unloaded after import = 1
========================================================================
Received Prepare
Refreshing native plugins compatible for Editor in 7.38 ms, found 4 plugins.
Preloading 0 native plugins for Editor in 0.00 ms.
Unloading 44 Unused Serialized files (Serialized files now loaded: 0)
Unloading 43 unused Assets / (4.0 MB). Loaded Objects now: 7593.
Memory consumption went from 134.6 MB to 130.6 MB.
Total: 13.464600 ms (FindLiveObjects: 0.506900 ms CreateObjectMapping: 0.267900 ms MarkObjects: 11.070600 ms  DeleteObjects: 1.617500 ms)

Prepare: number of updated asset objects reloaded= 0
AssetImportParameters requested are different than current active one (requested -> active):
  custom:container-demuxer-ogg: 62fdf1f143b41e24485cea50d1cbac27 -> 
  custom:framework-win-MediaFoundation: 216162199b28c13a410421893ffa2e32 -> 
  custom:container-muxer-webm: aa71ff27fc2769a1b78a27578f13a17b -> 
  custom:video-decoder-webm-vp8: 9c59270c3fd7afecdb556c50c9e8de78 -> 
  custom:SearchIndexIgnoredProperties: e643bd26f0fe6173181afceb89e7c659 -> 
  custom:AudioImporter_EditorPlatform: d09bf68614088b80899f8185d706f6e7 -> 
  custom:audio-decoder-ogg-vorbis: bf7c407c2cedff20999df2af8eb42d56 -> 
  custom:audio-encoder-webm-vorbis: bf7c407c2cedff20999df2af8eb42d56 -> 
  custom:video-decoder-ogg-theora: a1e56fd34408186e4bbccfd4996cb3dc -> 
  custom:CustomObjectIndexerAttribute: 72b91833f83ae208fae7752999fa3104 -> 
  custom:container-demuxer-webm: 4f35f7cbe854078d1ac9338744f61a02 -> 
  custom:video-encoder-webm-vp8: eb34c28f22e8b96e1ab97ce403110664 -> 
========================================================================
Received Prepare
Refreshing native plugins compatible for Editor in 7.42 ms, found 4 plugins.
Preloading 0 native plugins for Editor in 0.00 ms.
Unloading 41 Unused Serialized files (Serialized files now loaded: 0)
Unloading 41 unused Assets / (4.0 MB). Loaded Objects now: 7593.
Memory consumption went from 133.9 MB to 129.9 MB.
Total: 76.121500 ms (FindLiveObjects: 0.907300 ms CreateObjectMapping: 0.285500 ms MarkObjects: 73.078500 ms  DeleteObjects: 1.848100 ms)

Prepare: number of updated asset objects reloaded= 0
AssetImportParameters requested are different than current active one (requested -> active):
  custom:container-demuxer-ogg: 62fdf1f143b41e24485cea50d1cbac27 -> 
  custom:framework-win-MediaFoundation: 216162199b28c13a410421893ffa2e32 -> 
  custom:container-muxer-webm: aa71ff27fc2769a1b78a27578f13a17b -> 
  custom:video-decoder-webm-vp8: 9c59270c3fd7afecdb556c50c9e8de78 -> 
  custom:SearchIndexIgnoredProperties: e643bd26f0fe6173181afceb89e7c659 -> 
  custom:AudioImporter_EditorPlatform: d09bf68614088b80899f8185d706f6e7 -> 
  custom:audio-decoder-ogg-vorbis: bf7c407c2cedff20999df2af8eb42d56 -> 
  custom:audio-encoder-webm-vorbis: bf7c407c2cedff20999df2af8eb42d56 -> 
  custom:video-decoder-ogg-theora: a1e56fd34408186e4bbccfd4996cb3dc -> 
  custom:CustomObjectIndexerAttribute: 72b91833f83ae208fae7752999fa3104 -> 
  custom:container-demuxer-webm: 4f35f7cbe854078d1ac9338744f61a02 -> 
  custom:video-encoder-webm-vp8: eb34c28f22e8b96e1ab97ce403110664 -> 
========================================================================
Received Import Request.
  Time since last request: 842.923350 seconds.
  path: Assets/_ARMarker
  artifactKey: Guid(1bb4d49963e002a42a137e53a37bd266) Importer(815301076,1909f56bfc062723c751e8b465ee728b)
Start importing Assets/_ARMarker using Guid(1bb4d49963e002a42a137e53a37bd266) Importer(815301076,1909f56bfc062723c751e8b465ee728b)  -> (artifact id: 'e7664e8ef93cb221fdb7c7e93a69818a') in 0.079779 seconds
Number of updated asset objects reloaded before import = 0
Number of asset objects unloaded after import = 0
========================================================================
Received Import Request.
  Time since last request: 1.643727 seconds.
  path: Assets/_ARMarker/Prefabs
  artifactKey: Guid(2c2bf389430a35c4da17071ea3f8dca1) Importer(815301076,1909f56bfc062723c751e8b465ee728b)
Start importing Assets/_ARMarker/Prefabs using Guid(2c2bf389430a35c4da17071ea3f8dca1) Importer(815301076,1909f56bfc062723c751e8b465ee728b)  -> (artifact id: 'c504f439849e3fb4930bb33616072960') in 0.002571 seconds
Number of updated asset objects reloaded before import = 0
Number of asset objects unloaded after import = 0
========================================================================
Received Import Request.
  Time since last request: 60.902067 seconds.
  path: Assets/_ARMarker/Markers/ReferenceImageLibrary.asset
  artifactKey: Guid(e9bfce5ea60e3894483fae40eb674a2f) Importer(2089858483,0ecaa5967403d082aa24f35e1b516d23)
Start importing Assets/_ARMarker/Markers/ReferenceImageLibrary.asset using Guid(e9bfce5ea60e3894483fae40eb674a2f) Importer(2089858483,0ecaa5967403d082aa24f35e1b516d23)  -> (artifact id: '2aa93082295a202348a2776141497d85') in 1.919414 seconds
Number of updated asset objects reloaded before import = 0
Number of asset objects unloaded after import = 1
========================================================================
Received Prepare
Refreshing native plugins compatible for Editor in 7.01 ms, found 4 plugins.
Preloading 0 native plugins for Editor in 0.00 ms.
Unloading 41 Unused Serialized files (Serialized files now loaded: 0)
Unloading 41 unused Assets / (4.0 MB). Loaded Objects now: 7593.
Memory consumption went from 134.0 MB to 130.0 MB.
Total: 45.451900 ms (FindLiveObjects: 0.492500 ms CreateObjectMapping: 0.257900 ms MarkObjects: 42.738200 ms  DeleteObjects: 1.960300 ms)

Prepare: number of updated asset objects reloaded= 0
AssetImportParameters requested are different than current active one (requested -> active):
  custom:container-demuxer-ogg: 62fdf1f143b41e24485cea50d1cbac27 -> 
  custom:framework-win-MediaFoundation: 216162199b28c13a410421893ffa2e32 -> 
  custom:container-muxer-webm: aa71ff27fc2769a1b78a27578f13a17b -> 
  custom:video-decoder-webm-vp8: 9c59270c3fd7afecdb556c50c9e8de78 -> 
  custom:SearchIndexIgnoredProperties: e643bd26f0fe6173181afceb89e7c659 -> 
  custom:AudioImporter_EditorPlatform: d09bf68614088b80899f8185d706f6e7 -> 
  custom:audio-decoder-ogg-vorbis: bf7c407c2cedff20999df2af8eb42d56 -> 
  custom:audio-encoder-webm-vorbis: bf7c407c2cedff20999df2af8eb42d56 -> 
  custom:video-decoder-ogg-theora: a1e56fd34408186e4bbccfd4996cb3dc -> 
  custom:CustomObjectIndexerAttribute: 72b91833f83ae208fae7752999fa3104 -> 
  custom:container-demuxer-webm: 4f35f7cbe854078d1ac9338744f61a02 -> 
  custom:video-encoder-webm-vp8: eb34c28f22e8b96e1ab97ce403110664 -> 
========================================================================
Received Import Request.
  Time since last request: 217.204546 seconds.
  path: Assets/_ARMarker/Markers
  artifactKey: Guid(253dd862782e20745866877c94a98607) Importer(815301076,1909f56bfc062723c751e8b465ee728b)
Start importing Assets/_ARMarker/Markers using Guid(253dd862782e20745866877c94a98607) Importer(815301076,1909f56bfc062723c751e8b465ee728b)  -> (artifact id: '4716aefabce17fb932b5e6c7c73f98c7') in 0.023044 seconds
Number of updated asset objects reloaded before import = 0
Number of asset objects unloaded after import = 0
========================================================================
Received Import Request.
  Time since last request: 1.280489 seconds.
  path: Assets/_ARMarker/Markers/ReferenceImageLibrary.asset
  artifactKey: Guid(e9bfce5ea60e3894483fae40eb674a2f) Importer(815301076,1909f56bfc062723c751e8b465ee728b)
Start importing Assets/_ARMarker/Markers/ReferenceImageLibrary.asset using Guid(e9bfce5ea60e3894483fae40eb674a2f) Importer(815301076,1909f56bfc062723c751e8b465ee728b)  -> (artifact id: 'd034754ba31bdf265bde5122538384db') in 0.613353 seconds
Number of updated asset objects reloaded before import = 0
Number of asset objects unloaded after import = 1
========================================================================
Received Import Request.
  Time since last request: 3.181660 seconds.
  path: Assets/_ARMarker/Markers/MarkerIcons02.png
  artifactKey: Guid(d41ee5a11717416418f52e183dae2fbe) Importer(815301076,1909f56bfc062723c751e8b465ee728b)
Start importing Assets/_ARMarker/Markers/MarkerIcons02.png using Guid(d41ee5a11717416418f52e183dae2fbe) Importer(815301076,1909f56bfc062723c751e8b465ee728b)  -> (artifact id: 'd4af3074009d1d51ad4d95dc64fd63df') in 0.438187 seconds
Number of updated asset objects reloaded before import = 0
Number of asset objects unloaded after import = 2
========================================================================
Received Import Request.
  Time since last request: 3.598902 seconds.
  path: Assets/_ARMarker/Markers/BusinessCard.jpg
  artifactKey: Guid(c5dd9449f9806df4085d26121038dd59) Importer(815301076,1909f56bfc062723c751e8b465ee728b)
Start importing Assets/_ARMarker/Markers/BusinessCard.jpg using Guid(c5dd9449f9806df4085d26121038dd59) Importer(815301076,1909f56bfc062723c751e8b465ee728b)  -> (artifact id: '47a95fef1ec8268bb34224e0bac50019') in 0.085010 seconds
Number of updated asset objects reloaded before import = 0
Number of asset objects unloaded after import = 2
========================================================================
Received Prepare
Refreshing native plugins compatible for Editor in 8.12 ms, found 4 plugins.
Preloading 0 native plugins for Editor in 0.00 ms.
Unloading 41 Unused Serialized files (Serialized files now loaded: 0)
Unloading 41 unused Assets / (4.1 MB). Loaded Objects now: 7597.
Memory consumption went from 157.3 MB to 153.2 MB.
Total: 46.351000 ms (FindLiveObjects: 0.876700 ms CreateObjectMapping: 0.304300 ms MarkObjects: 42.598900 ms  DeleteObjects: 2.569100 ms)

Prepare: number of updated asset objects reloaded= 0
AssetImportParameters requested are different than current active one (requested -> active):
  custom:container-demuxer-ogg: 62fdf1f143b41e24485cea50d1cbac27 -> 
  custom:framework-win-MediaFoundation: 216162199b28c13a410421893ffa2e32 -> 
  custom:container-muxer-webm: aa71ff27fc2769a1b78a27578f13a17b -> 
  custom:video-decoder-webm-vp8: 9c59270c3fd7afecdb556c50c9e8de78 -> 
  custom:SearchIndexIgnoredProperties: e643bd26f0fe6173181afceb89e7c659 -> 
  custom:AudioImporter_EditorPlatform: d09bf68614088b80899f8185d706f6e7 -> 
  custom:audio-decoder-ogg-vorbis: bf7c407c2cedff20999df2af8eb42d56 -> 
  custom:audio-encoder-webm-vorbis: bf7c407c2cedff20999df2af8eb42d56 -> 
  custom:video-decoder-ogg-theora: a1e56fd34408186e4bbccfd4996cb3dc -> 
  custom:CustomObjectIndexerAttribute: 72b91833f83ae208fae7752999fa3104 -> 
  custom:container-demuxer-webm: 4f35f7cbe854078d1ac9338744f61a02 -> 
  custom:video-encoder-webm-vp8: eb34c28f22e8b96e1ab97ce403110664 -> 
========================================================================
Received Import Request.
  Time since last request: 145.577028 seconds.
  path: Assets/_ARMarker/Markers/ReferenceImageLibrary.asset
  artifactKey: Guid(e9bfce5ea60e3894483fae40eb674a2f) Importer(815301076,1909f56bfc062723c751e8b465ee728b)
Start importing Assets/_ARMarker/Markers/ReferenceImageLibrary.asset using Guid(e9bfce5ea60e3894483fae40eb674a2f) Importer(815301076,1909f56bfc062723c751e8b465ee728b)  -> (artifact id: 'f826ea82a0a5e0697e141662a630b9d1') in 0.049917 seconds
Number of updated asset objects reloaded before import = 0
Number of asset objects unloaded after import = 1
========================================================================
Received Import Request.
  Time since last request: 229.198928 seconds.
  path: Assets/_ARMarker/Markers/ReferenceImageLibrary.asset
  artifactKey: Guid(e9bfce5ea60e3894483fae40eb674a2f) Importer(2089858483,0ecaa5967403d082aa24f35e1b516d23)
Start importing Assets/_ARMarker/Markers/ReferenceImageLibrary.asset using Guid(e9bfce5ea60e3894483fae40eb674a2f) Importer(2089858483,0ecaa5967403d082aa24f35e1b516d23)  -> (artifact id: 'f56735a4f1ad996b084dd62127214ea0') in 3.123441 seconds
Number of updated asset objects reloaded before import = 0
Number of asset objects unloaded after import = 1
========================================================================
Received Prepare
Refreshing native plugins compatible for Editor in 5.60 ms, found 4 plugins.
Preloading 0 native plugins for Editor in 0.00 ms.
Unloading 41 Unused Serialized files (Serialized files now loaded: 0)
Unloading 41 unused Assets / (4.1 MB). Loaded Objects now: 7597.
Memory consumption went from 204.0 MB to 199.9 MB.
Total: 47.103600 ms (FindLiveObjects: 0.523000 ms CreateObjectMapping: 0.254400 ms MarkObjects: 44.407200 ms  DeleteObjects: 1.916600 ms)

Prepare: number of updated asset objects reloaded= 0
AssetImportParameters requested are different than current active one (requested -> active):
  custom:container-demuxer-ogg: 62fdf1f143b41e24485cea50d1cbac27 -> 
  custom:framework-win-MediaFoundation: 216162199b28c13a410421893ffa2e32 -> 
  custom:container-muxer-webm: aa71ff27fc2769a1b78a27578f13a17b -> 
  custom:video-decoder-webm-vp8: 9c59270c3fd7afecdb556c50c9e8de78 -> 
  custom:SearchIndexIgnoredProperties: e643bd26f0fe6173181afceb89e7c659 -> 
  custom:AudioImporter_EditorPlatform: d09bf68614088b80899f8185d706f6e7 -> 
  custom:audio-decoder-ogg-vorbis: bf7c407c2cedff20999df2af8eb42d56 -> 
  custom:audio-encoder-webm-vorbis: bf7c407c2cedff20999df2af8eb42d56 -> 
  custom:video-decoder-ogg-theora: a1e56fd34408186e4bbccfd4996cb3dc -> 
  custom:CustomObjectIndexerAttribute: 72b91833f83ae208fae7752999fa3104 -> 
  custom:container-demuxer-webm: 4f35f7cbe854078d1ac9338744f61a02 -> 
  custom:video-encoder-webm-vp8: eb34c28f22e8b96e1ab97ce403110664 -> 
========================================================================
Received Import Request.
  Time since last request: 101.232270 seconds.
  path: Assets/_ARMarker/Markers/ReferenceImageLibrary.asset
  artifactKey: Guid(e9bfce5ea60e3894483fae40eb674a2f) Importer(815301076,1909f56bfc062723c751e8b465ee728b)
Start importing Assets/_ARMarker/Markers/ReferenceImageLibrary.asset using Guid(e9bfce5ea60e3894483fae40eb674a2f) Importer(815301076,1909f56bfc062723c751e8b465ee728b)  -> (artifact id: 'fc77a9a7153307db5ab51efcf5e72fa5') in 0.088293 seconds
Number of updated asset objects reloaded before import = 0
Number of asset objects unloaded after import = 1
========================================================================
Received Import Request.
  Time since last request: 44.626480 seconds.
  path: Assets/_ARMarker/Markers/ReferenceImageLibrary.asset
  artifactKey: Guid(e9bfce5ea60e3894483fae40eb674a2f) Importer(2089858483,0ecaa5967403d082aa24f35e1b516d23)
Start importing Assets/_ARMarker/Markers/ReferenceImageLibrary.asset using Guid(e9bfce5ea60e3894483fae40eb674a2f) Importer(2089858483,0ecaa5967403d082aa24f35e1b516d23)  -> (artifact id: '3b88596479e390540753bd11d3d12db3') in 0.162652 seconds
Number of updated asset objects reloaded before import = 0
Number of asset objects unloaded after import = 1
========================================================================
Received Import Request.
  Time since last request: 35.344258 seconds.
  path: Assets/_ARMarker/Markers/ReferenceImageLibrary.asset
  artifactKey: Guid(e9bfce5ea60e3894483fae40eb674a2f) Importer(815301076,1909f56bfc062723c751e8b465ee728b)
Start importing Assets/_ARMarker/Markers/ReferenceImageLibrary.asset using Guid(e9bfce5ea60e3894483fae40eb674a2f) Importer(815301076,1909f56bfc062723c751e8b465ee728b)  -> (artifact id: 'd9df804d67c7c8d24a326b4420d38fb4') in 0.050912 seconds
Number of updated asset objects reloaded before import = 0
Number of asset objects unloaded after import = 1
========================================================================
Received Import Request.
  Time since last request: 0.782082 seconds.
  path: Assets/_ARMarker/Markers/ReferenceImageLibrary.asset
  artifactKey: Guid(e9bfce5ea60e3894483fae40eb674a2f) Importer(2089858483,0ecaa5967403d082aa24f35e1b516d23)
Start importing Assets/_ARMarker/Markers/ReferenceImageLibrary.asset using Guid(e9bfce5ea60e3894483fae40eb674a2f) Importer(2089858483,0ecaa5967403d082aa24f35e1b516d23)  -> (artifact id: 'aa4d7f74b9fcc1bd44d0167d1b3f8a4b') in 0.071624 seconds
Number of updated asset objects reloaded before import = 0
Number of asset objects unloaded after import = 1
========================================================================
Received Prepare
Refreshing native plugins compatible for Editor in 5.59 ms, found 4 plugins.
Preloading 0 native plugins for Editor in 0.00 ms.
Unloading 41 Unused Serialized files (Serialized files now loaded: 0)
Unloading 41 unused Assets / (4.1 MB). Loaded Objects now: 7597.
Memory consumption went from 297.0 MB to 292.9 MB.
Total: 9.331000 ms (FindLiveObjects: 0.396100 ms CreateObjectMapping: 0.241700 ms MarkObjects: 6.745200 ms  DeleteObjects: 1.946700 ms)

Prepare: number of updated asset objects reloaded= 0
AssetImportParameters requested are different than current active one (requested -> active):
  custom:container-demuxer-ogg: 62fdf1f143b41e24485cea50d1cbac27 -> 
  custom:framework-win-MediaFoundation: 216162199b28c13a410421893ffa2e32 -> 
  custom:container-muxer-webm: aa71ff27fc2769a1b78a27578f13a17b -> 
  custom:video-decoder-webm-vp8: 9c59270c3fd7afecdb556c50c9e8de78 -> 
  custom:SearchIndexIgnoredProperties: e643bd26f0fe6173181afceb89e7c659 -> 
  custom:AudioImporter_EditorPlatform: d09bf68614088b80899f8185d706f6e7 -> 
  custom:audio-decoder-ogg-vorbis: bf7c407c2cedff20999df2af8eb42d56 -> 
  custom:audio-encoder-webm-vorbis: bf7c407c2cedff20999df2af8eb42d56 -> 
  custom:video-decoder-ogg-theora: a1e56fd34408186e4bbccfd4996cb3dc -> 
  custom:CustomObjectIndexerAttribute: 72b91833f83ae208fae7752999fa3104 -> 
  custom:container-demuxer-webm: 4f35f7cbe854078d1ac9338744f61a02 -> 
  custom:video-encoder-webm-vp8: eb34c28f22e8b96e1ab97ce403110664 -> 
========================================================================
Received Import Request.
  Time since last request: 208.255646 seconds.
  path: Assets/TreeOrnament 2.blend
  artifactKey: Guid(df7488db70952e24d9cc7a26c2437377) Importer(815301076,1909f56bfc062723c751e8b465ee728b)
Start importing Assets/TreeOrnament 2.blend using Guid(df7488db70952e24d9cc7a26c2437377) Importer(815301076,1909f56bfc062723c751e8b465ee728b)  -> (artifact id: 'ebcbdfb198cb2d928f5af0f1d935bfe1') in 2.798566 seconds
Number of updated asset objects reloaded before import = 0
Number of asset objects unloaded after import = 29
========================================================================
Received Import Request.
  Time since last request: 40.564422 seconds.
  path: Assets/Scenes/last attempt.unity
  artifactKey: Guid(c5014f59ecad5de43979dcb1bdc96a2e) Importer(2089858483,0ecaa5967403d082aa24f35e1b516d23)
Start importing Assets/Scenes/last attempt.unity using Guid(c5014f59ecad5de43979dcb1bdc96a2e) Importer(2089858483,0ecaa5967403d082aa24f35e1b516d23)  -> (artifact id: '6fd484ef919ffa151cbb62e4a670d5c3') in 0.031024 seconds
Number of updated asset objects reloaded before import = 0
Number of asset objects unloaded after import = 1
========================================================================
Received Prepare
Refreshing native plugins compatible for Editor in 7.55 ms, found 4 plugins.
Preloading 0 native plugins for Editor in 0.00 ms.
Unloading 41 Unused Serialized files (Serialized files now loaded: 0)
Unloading 41 unused Assets / (4.1 MB). Loaded Objects now: 7724.
Memory consumption went from 298.1 MB to 294.0 MB.
Total: 9.774100 ms (FindLiveObjects: 0.425400 ms CreateObjectMapping: 0.246600 ms MarkObjects: 7.149200 ms  DeleteObjects: 1.951500 ms)

Prepare: number of updated asset objects reloaded= 0
AssetImportParameters requested are different than current active one (requested -> active):
  custom:container-demuxer-ogg: 62fdf1f143b41e24485cea50d1cbac27 -> 
  custom:framework-win-MediaFoundation: 216162199b28c13a410421893ffa2e32 -> 
  custom:container-muxer-webm: aa71ff27fc2769a1b78a27578f13a17b -> 
  custom:video-decoder-webm-vp8: 9c59270c3fd7afecdb556c50c9e8de78 -> 
  custom:SearchIndexIgnoredProperties: e643bd26f0fe6173181afceb89e7c659 -> 
  custom:AudioImporter_EditorPlatform: d09bf68614088b80899f8185d706f6e7 -> 
  custom:audio-decoder-ogg-vorbis: bf7c407c2cedff20999df2af8eb42d56 -> 
  custom:audio-encoder-webm-vorbis: bf7c407c2cedff20999df2af8eb42d56 -> 
  custom:video-decoder-ogg-theora: a1e56fd34408186e4bbccfd4996cb3dc -> 
  custom:CustomObjectIndexerAttribute: 72b91833f83ae208fae7752999fa3104 -> 
  custom:container-demuxer-webm: 4f35f7cbe854078d1ac9338744f61a02 -> 
  custom:video-encoder-webm-vp8: eb34c28f22e8b96e1ab97ce403110664 -> 
========================================================================
Received Prepare
Refreshing native plugins compatible for Editor in 7.24 ms, found 4 plugins.
Preloading 0 native plugins for Editor in 0.00 ms.
Unloading 41 Unused Serialized files (Serialized files now loaded: 0)
Unloading 41 unused Assets / (4.1 MB). Loaded Objects now: 7724.
Memory consumption went from 298.2 MB to 294.0 MB.
Total: 9.525100 ms (FindLiveObjects: 0.445900 ms CreateObjectMapping: 0.255900 ms MarkObjects: 7.252200 ms  DeleteObjects: 1.569800 ms)

Prepare: number of updated asset objects reloaded= 0
AssetImportParameters requested are different than current active one (requested -> active):
  custom:container-demuxer-ogg: 62fdf1f143b41e24485cea50d1cbac27 -> 
  custom:framework-win-MediaFoundation: 216162199b28c13a410421893ffa2e32 -> 
  custom:container-muxer-webm: aa71ff27fc2769a1b78a27578f13a17b -> 
  custom:video-decoder-webm-vp8: 9c59270c3fd7afecdb556c50c9e8de78 -> 
  custom:SearchIndexIgnoredProperties: e643bd26f0fe6173181afceb89e7c659 -> 
  custom:AudioImporter_EditorPlatform: d09bf68614088b80899f8185d706f6e7 -> 
  custom:audio-decoder-ogg-vorbis: bf7c407c2cedff20999df2af8eb42d56 -> 
  custom:audio-encoder-webm-vorbis: bf7c407c2cedff20999df2af8eb42d56 -> 
  custom:video-decoder-ogg-theora: a1e56fd34408186e4bbccfd4996cb3dc -> 
  custom:CustomObjectIndexerAttribute: 72b91833f83ae208fae7752999fa3104 -> 
  custom:container-demuxer-webm: 4f35f7cbe854078d1ac9338744f61a02 -> 
  custom:video-encoder-webm-vp8: eb34c28f22e8b96e1ab97ce403110664 -> 
========================================================================
Received Import Request.
  Time since last request: 182.717218 seconds.
  path: Assets/Scenes/last attempt.unity
  artifactKey: Guid(c5014f59ecad5de43979dcb1bdc96a2e) Importer(2089858483,0ecaa5967403d082aa24f35e1b516d23)
Start importing Assets/Scenes/last attempt.unity using Guid(c5014f59ecad5de43979dcb1bdc96a2e) Importer(2089858483,0ecaa5967403d082aa24f35e1b516d23)  -> (artifact id: '38fc577723df7690930c80f606204e48') in 0.039620 seconds
Number of updated asset objects reloaded before import = 0
Number of asset objects unloaded after import = 1
========================================================================
Received Prepare
Refreshing native plugins compatible for Editor in 6.79 ms, found 4 plugins.
Preloading 0 native plugins for Editor in 0.00 ms.
Unloading 41 Unused Serialized files (Serialized files now loaded: 0)
Unloading 41 unused Assets / (4.0 MB). Loaded Objects now: 7724.
Memory consumption went from 298.1 MB to 294.0 MB.
Total: 9.982400 ms (FindLiveObjects: 0.425900 ms CreateObjectMapping: 0.242700 ms MarkObjects: 7.345100 ms  DeleteObjects: 1.967300 ms)

Prepare: number of updated asset objects reloaded= 0
AssetImportParameters requested are different than current active one (requested -> active):
  custom:container-demuxer-ogg: 62fdf1f143b41e24485cea50d1cbac27 -> 
  custom:framework-win-MediaFoundation: 216162199b28c13a410421893ffa2e32 -> 
  custom:container-muxer-webm: aa71ff27fc2769a1b78a27578f13a17b -> 
  custom:video-decoder-webm-vp8: 9c59270c3fd7afecdb556c50c9e8de78 -> 
  custom:SearchIndexIgnoredProperties: e643bd26f0fe6173181afceb89e7c659 -> 
  custom:AudioImporter_EditorPlatform: d09bf68614088b80899f8185d706f6e7 -> 
  custom:audio-decoder-ogg-vorbis: bf7c407c2cedff20999df2af8eb42d56 -> 
  custom:audio-encoder-webm-vorbis: bf7c407c2cedff20999df2af8eb42d56 -> 
  custom:video-decoder-ogg-theora: a1e56fd34408186e4bbccfd4996cb3dc -> 
  custom:CustomObjectIndexerAttribute: 72b91833f83ae208fae7752999fa3104 -> 
  custom:container-demuxer-webm: 4f35f7cbe854078d1ac9338744f61a02 -> 
  custom:video-encoder-webm-vp8: eb34c28f22e8b96e1ab97ce403110664 -> 
========================================================================
Received Import Request.
  Time since last request: 125.864380 seconds.
  path: Assets/Scenes/last attempt.unity
  artifactKey: Guid(c5014f59ecad5de43979dcb1bdc96a2e) Importer(2089858483,0ecaa5967403d082aa24f35e1b516d23)
Start importing Assets/Scenes/last attempt.unity using Guid(c5014f59ecad5de43979dcb1bdc96a2e) Importer(2089858483,0ecaa5967403d082aa24f35e1b516d23)  -> (artifact id: 'c28070aede6ba039d27cbce027cfd167') in 0.024531 seconds
Number of updated asset objects reloaded before import = 0
Number of asset objects unloaded after import = 1
========================================================================
Received Prepare
Refreshing native plugins compatible for Editor in 6.62 ms, found 4 plugins.
Preloading 0 native plugins for Editor in 0.00 ms.
Unloading 41 Unused Serialized files (Serialized files now loaded: 0)
Unloading 41 unused Assets / (4.2 MB). Loaded Objects now: 7724.
Memory consumption went from 298.2 MB to 294.0 MB.
Total: 11.010900 ms (FindLiveObjects: 0.470500 ms CreateObjectMapping: 0.278500 ms MarkObjects: 8.363700 ms  DeleteObjects: 1.896000 ms)

Prepare: number of updated asset objects reloaded= 0
AssetImportParameters requested are different than current active one (requested -> active):
  custom:container-demuxer-ogg: 62fdf1f143b41e24485cea50d1cbac27 -> 
  custom:framework-win-MediaFoundation: 216162199b28c13a410421893ffa2e32 -> 
  custom:container-muxer-webm: aa71ff27fc2769a1b78a27578f13a17b -> 
  custom:video-decoder-webm-vp8: 9c59270c3fd7afecdb556c50c9e8de78 -> 
  custom:SearchIndexIgnoredProperties: e643bd26f0fe6173181afceb89e7c659 -> 
  custom:AudioImporter_EditorPlatform: d09bf68614088b80899f8185d706f6e7 -> 
  custom:audio-decoder-ogg-vorbis: bf7c407c2cedff20999df2af8eb42d56 -> 
  custom:audio-encoder-webm-vorbis: bf7c407c2cedff20999df2af8eb42d56 -> 
  custom:video-decoder-ogg-theora: a1e56fd34408186e4bbccfd4996cb3dc -> 
  custom:CustomObjectIndexerAttribute: 72b91833f83ae208fae7752999fa3104 -> 
  custom:container-demuxer-webm: 4f35f7cbe854078d1ac9338744f61a02 -> 
  custom:video-encoder-webm-vp8: eb34c28f22e8b96e1ab97ce403110664 -> 
========================================================================
Received Import Request.
  Time since last request: 109.233658 seconds.
  path: Assets/Scenes/last attempt.unity
  artifactKey: Guid(c5014f59ecad5de43979dcb1bdc96a2e) Importer(2089858483,0ecaa5967403d082aa24f35e1b516d23)
Start importing Assets/Scenes/last attempt.unity using Guid(c5014f59ecad5de43979dcb1bdc96a2e) Importer(2089858483,0ecaa5967403d082aa24f35e1b516d23)  -> (artifact id: 'd8011862b00839dad205651f74d62651') in 0.036954 seconds
Number of updated asset objects reloaded before import = 0
Number of asset objects unloaded after import = 1
========================================================================
Received Import Request.
  Time since last request: 42.800809 seconds.
  path: Assets/Scenes/last attempt.unity
  artifactKey: Guid(c5014f59ecad5de43979dcb1bdc96a2e) Importer(2089858483,0ecaa5967403d082aa24f35e1b516d23)
Start importing Assets/Scenes/last attempt.unity using Guid(c5014f59ecad5de43979dcb1bdc96a2e) Importer(2089858483,0ecaa5967403d082aa24f35e1b516d23)  -> (artifact id: 'd8e498f2771af31abd1b84d75e3017f5') in 0.028291 seconds
Number of updated asset objects reloaded before import = 0
Number of asset objects unloaded after import = 1
========================================================================
Received Prepare
Refreshing native plugins compatible for Editor in 9.17 ms, found 4 plugins.
Preloading 0 native plugins for Editor in 0.00 ms.
Unloading 41 Unused Serialized files (Serialized files now loaded: 0)
Unloading 41 unused Assets / (4.1 MB). Loaded Objects now: 7724.
Memory consumption went from 298.1 MB to 294.0 MB.
Total: 10.998700 ms (FindLiveObjects: 0.503300 ms CreateObjectMapping: 0.266100 ms MarkObjects: 8.277600 ms  DeleteObjects: 1.949400 ms)

Prepare: number of updated asset objects reloaded= 0
AssetImportParameters requested are different than current active one (requested -> active):
  custom:container-demuxer-ogg: 62fdf1f143b41e24485cea50d1cbac27 -> 
  custom:framework-win-MediaFoundation: 216162199b28c13a410421893ffa2e32 -> 
  custom:container-muxer-webm: aa71ff27fc2769a1b78a27578f13a17b -> 
  custom:video-decoder-webm-vp8: 9c59270c3fd7afecdb556c50c9e8de78 -> 
  custom:SearchIndexIgnoredProperties: e643bd26f0fe6173181afceb89e7c659 -> 
  custom:AudioImporter_EditorPlatform: d09bf68614088b80899f8185d706f6e7 -> 
  custom:audio-decoder-ogg-vorbis: bf7c407c2cedff20999df2af8eb42d56 -> 
  custom:audio-encoder-webm-vorbis: bf7c407c2cedff20999df2af8eb42d56 -> 
  custom:video-decoder-ogg-theora: a1e56fd34408186e4bbccfd4996cb3dc -> 
  custom:CustomObjectIndexerAttribute: 72b91833f83ae208fae7752999fa3104 -> 
  custom:container-demuxer-webm: 4f35f7cbe854078d1ac9338744f61a02 -> 
  custom:video-encoder-webm-vp8: eb34c28f22e8b96e1ab97ce403110664 -> 
========================================================================
Received Import Request.
  Time since last request: 68.867048 seconds.
  path: Assets/Scenes/last attempt.unity
  artifactKey: Guid(c5014f59ecad5de43979dcb1bdc96a2e) Importer(2089858483,0ecaa5967403d082aa24f35e1b516d23)
Start importing Assets/Scenes/last attempt.unity using Guid(c5014f59ecad5de43979dcb1bdc96a2e) Importer(2089858483,0ecaa5967403d082aa24f35e1b516d23)  -> (artifact id: 'af478b610250dd89dc2fea0b976cb6c9') in 0.134044 seconds
Number of updated asset objects reloaded before import = 0
Number of asset objects unloaded after import = 1
========================================================================
Received Import Request.
  Time since last request: 163.262814 seconds.
  path: Assets/Ball ornament 2.blend
  artifactKey: Guid(b834287e53d5e4f4da838168ec71690a) Importer(815301076,1909f56bfc062723c751e8b465ee728b)
Start importing Assets/Ball ornament 2.blend using Guid(b834287e53d5e4f4da838168ec71690a) Importer(815301076,1909f56bfc062723c751e8b465ee728b)  -> (artifact id: 'cede1f4ca210c32178dfaf8e6520ea9e') in 0.900939 seconds
Number of updated asset objects reloaded before import = 0
Number of asset objects unloaded after import = 10
========================================================================
Received Import Request.
  Time since last request: 0.001138 seconds.
  path: Assets/Ball ornament 2.blend
  artifactKey: Guid(b834287e53d5e4f4da838168ec71690a) Importer(2089858483,0ecaa5967403d082aa24f35e1b516d23)
Start importing Assets/Ball ornament 2.blend using Guid(b834287e53d5e4f4da838168ec71690a) Importer(2089858483,0ecaa5967403d082aa24f35e1b516d23)  -> (artifact id: 'e1b81cdf257d7407929d83ac7977a452') in 0.148237 seconds
Number of updated asset objects reloaded before import = 0
Number of asset objects unloaded after import = 9
========================================================================
Received Import Request.
  Time since last request: 0.000026 seconds.
  path: Assets/daimond ornament 1.blend
  artifactKey: Guid(6a916aac99c32b84ebf3f807fa18a38f) Importer(2089858483,0ecaa5967403d082aa24f35e1b516d23)
Start importing Assets/daimond ornament 1.blend using Guid(6a916aac99c32b84ebf3f807fa18a38f) Importer(2089858483,0ecaa5967403d082aa24f35e1b516d23)  -> (artifact id: '5cc4016147de3b66b7f6137ab584bde4') in 0.070090 seconds
Number of updated asset objects reloaded before import = 0
Number of asset objects unloaded after import = 8
========================================================================
Received Import Request.
  Time since last request: 18.958945 seconds.
  path: Assets/Scenes/last attempt.unity
  artifactKey: Guid(c5014f59ecad5de43979dcb1bdc96a2e) Importer(2089858483,0ecaa5967403d082aa24f35e1b516d23)
Start importing Assets/Scenes/last attempt.unity using Guid(c5014f59ecad5de43979dcb1bdc96a2e) Importer(2089858483,0ecaa5967403d082aa24f35e1b516d23)  -> (artifact id: '1c8caddb0bafd3e1055284ec9c87914d') in 0.175071 seconds
Number of updated asset objects reloaded before import = 0
Number of asset objects unloaded after import = 1
========================================================================
Received Prepare
Refreshing native plugins compatible for Editor in 6.03 ms, found 4 plugins.
Preloading 0 native plugins for Editor in 0.00 ms.
Unloading 41 Unused Serialized files (Serialized files now loaded: 0)
Unloading 41 unused Assets / (4.1 MB). Loaded Objects now: 7724.
Memory consumption went from 135.3 MB to 131.2 MB.
Total: 9.891300 ms (FindLiveObjects: 0.454900 ms CreateObjectMapping: 0.265200 ms MarkObjects: 7.539500 ms  DeleteObjects: 1.630000 ms)

Prepare: number of updated asset objects reloaded= 0
AssetImportParameters requested are different than current active one (requested -> active):
  custom:container-demuxer-ogg: 62fdf1f143b41e24485cea50d1cbac27 -> 
  custom:framework-win-MediaFoundation: 216162199b28c13a410421893ffa2e32 -> 
  custom:container-muxer-webm: aa71ff27fc2769a1b78a27578f13a17b -> 
  custom:video-decoder-webm-vp8: 9c59270c3fd7afecdb556c50c9e8de78 -> 
  custom:SearchIndexIgnoredProperties: e643bd26f0fe6173181afceb89e7c659 -> 
  custom:AudioImporter_EditorPlatform: d09bf68614088b80899f8185d706f6e7 -> 
  custom:audio-decoder-ogg-vorbis: bf7c407c2cedff20999df2af8eb42d56 -> 
  custom:audio-encoder-webm-vorbis: bf7c407c2cedff20999df2af8eb42d56 -> 
  custom:video-decoder-ogg-theora: a1e56fd34408186e4bbccfd4996cb3dc -> 
  custom:CustomObjectIndexerAttribute: 72b91833f83ae208fae7752999fa3104 -> 
  custom:container-demuxer-webm: 4f35f7cbe854078d1ac9338744f61a02 -> 
  custom:video-encoder-webm-vp8: eb34c28f22e8b96e1ab97ce403110664 -> 
========================================================================
Received Import Request.
  Time since last request: 156.531640 seconds.
  path: Assets/Scenes/last attempt.unity
  artifactKey: Guid(c5014f59ecad5de43979dcb1bdc96a2e) Importer(2089858483,0ecaa5967403d082aa24f35e1b516d23)
Start importing Assets/Scenes/last attempt.unity using Guid(c5014f59ecad5de43979dcb1bdc96a2e) Importer(2089858483,0ecaa5967403d082aa24f35e1b516d23)  -> (artifact id: 'ca96600fbd8b5ab00cf09792c04c059e') in 0.032157 seconds
Number of updated asset objects reloaded before import = 0
Number of asset objects unloaded after import = 1
========================================================================
Received Prepare
Refreshing native plugins compatible for Editor in 5.92 ms, found 4 plugins.
Preloading 0 native plugins for Editor in 0.00 ms.
Unloading 41 Unused Serialized files (Serialized files now loaded: 0)
Unloading 41 unused Assets / (4.1 MB). Loaded Objects now: 7724.
Memory consumption went from 135.3 MB to 131.2 MB.
Total: 9.401500 ms (FindLiveObjects: 0.407000 ms CreateObjectMapping: 0.240700 ms MarkObjects: 7.181700 ms  DeleteObjects: 1.571000 ms)

Prepare: number of updated asset objects reloaded= 0
AssetImportParameters requested are different than current active one (requested -> active):
  custom:container-demuxer-ogg: 62fdf1f143b41e24485cea50d1cbac27 -> 
  custom:framework-win-MediaFoundation: 216162199b28c13a410421893ffa2e32 -> 
  custom:container-muxer-webm: aa71ff27fc2769a1b78a27578f13a17b -> 
  custom:video-decoder-webm-vp8: 9c59270c3fd7afecdb556c50c9e8de78 -> 
  custom:SearchIndexIgnoredProperties: e643bd26f0fe6173181afceb89e7c659 -> 
  custom:AudioImporter_EditorPlatform: d09bf68614088b80899f8185d706f6e7 -> 
  custom:audio-decoder-ogg-vorbis: bf7c407c2cedff20999df2af8eb42d56 -> 
  custom:audio-encoder-webm-vorbis: bf7c407c2cedff20999df2af8eb42d56 -> 
  custom:video-decoder-ogg-theora: a1e56fd34408186e4bbccfd4996cb3dc -> 
  custom:CustomObjectIndexerAttribute: 72b91833f83ae208fae7752999fa3104 -> 
  custom:container-demuxer-webm: 4f35f7cbe854078d1ac9338744f61a02 -> 
  custom:video-encoder-webm-vp8: eb34c28f22e8b96e1ab97ce403110664 -> 
========================================================================
Received Import Request.
  Time since last request: 305.467637 seconds.
  path: Assets/Scenes/last attempt.unity
  artifactKey: Guid(c5014f59ecad5de43979dcb1bdc96a2e) Importer(2089858483,0ecaa5967403d082aa24f35e1b516d23)
Start importing Assets/Scenes/last attempt.unity using Guid(c5014f59ecad5de43979dcb1bdc96a2e) Importer(2089858483,0ecaa5967403d082aa24f35e1b516d23)  -> (artifact id: '5cd49acb0ec82a2a67fce1d3d6fbdec7') in 0.043708 seconds
Number of updated asset objects reloaded before import = 0
Number of asset objects unloaded after import = 1
========================================================================
Received Prepare
Refreshing native plugins compatible for Editor in 5.41 ms, found 4 plugins.
Preloading 0 native plugins for Editor in 0.00 ms.
Unloading 41 Unused Serialized files (Serialized files now loaded: 0)
Unloading 41 unused Assets / (4.1 MB). Loaded Objects now: 7724.
Memory consumption went from 135.3 MB to 131.2 MB.
Total: 9.582900 ms (FindLiveObjects: 0.426600 ms CreateObjectMapping: 0.255300 ms MarkObjects: 7.169000 ms  DeleteObjects: 1.730300 ms)

Prepare: number of updated asset objects reloaded= 0
AssetImportParameters requested are different than current active one (requested -> active):
  custom:container-demuxer-ogg: 62fdf1f143b41e24485cea50d1cbac27 -> 
  custom:framework-win-MediaFoundation: 216162199b28c13a410421893ffa2e32 -> 
  custom:container-muxer-webm: aa71ff27fc2769a1b78a27578f13a17b -> 
  custom:video-decoder-webm-vp8: 9c59270c3fd7afecdb556c50c9e8de78 -> 
  custom:SearchIndexIgnoredProperties: e643bd26f0fe6173181afceb89e7c659 -> 
  custom:AudioImporter_EditorPlatform: d09bf68614088b80899f8185d706f6e7 -> 
  custom:audio-decoder-ogg-vorbis: bf7c407c2cedff20999df2af8eb42d56 -> 
  custom:audio-encoder-webm-vorbis: bf7c407c2cedff20999df2af8eb42d56 -> 
  custom:video-decoder-ogg-theora: a1e56fd34408186e4bbccfd4996cb3dc -> 
  custom:CustomObjectIndexerAttribute: 72b91833f83ae208fae7752999fa3104 -> 
  custom:container-demuxer-webm: 4f35f7cbe854078d1ac9338744f61a02 -> 
  custom:video-encoder-webm-vp8: eb34c28f22e8b96e1ab97ce403110664 -> 
========================================================================
Received Import Request.
  Time since last request: 208.982058 seconds.
  path: Assets/_ARMarker/Prefabs/BeachsideTown.prefab
  artifactKey: Guid(44af740032094bf48bddbf3f4644216f) Importer(815301076,1909f56bfc062723c751e8b465ee728b)
Start importing Assets/_ARMarker/Prefabs/BeachsideTown.prefab using Guid(44af740032094bf48bddbf3f4644216f) Importer(815301076,1909f56bfc062723c751e8b465ee728b)  -> (artifact id: '15ca6338828fff29933e9d80504493fd') in 4.881320 seconds
Number of updated asset objects reloaded before import = 0
Number of asset objects unloaded after import = 965
========================================================================
Received Import Request.
  Time since last request: 8.504228 seconds.
  path: Assets/Scenes/last attempt.unity
  artifactKey: Guid(c5014f59ecad5de43979dcb1bdc96a2e) Importer(2089858483,0ecaa5967403d082aa24f35e1b516d23)
Start importing Assets/Scenes/last attempt.unity using Guid(c5014f59ecad5de43979dcb1bdc96a2e) Importer(2089858483,0ecaa5967403d082aa24f35e1b516d23)  -> (artifact id: '3976e711f7fcc7852b2181239c63fd76') in 0.046418 seconds
Number of updated asset objects reloaded before import = 0
Number of asset objects unloaded after import = 1
========================================================================
Received Prepare
Refreshing native plugins compatible for Editor in 5.05 ms, found 4 plugins.
Preloading 0 native plugins for Editor in 0.00 ms.
Unloading 43 Unused Serialized files (Serialized files now loaded: 0)
Unloading 41 unused Assets / (4.0 MB). Loaded Objects now: 7726.
Memory consumption went from 136.5 MB to 132.6 MB.
Total: 9.164800 ms (FindLiveObjects: 0.409500 ms CreateObjectMapping: 0.243900 ms MarkObjects: 6.843800 ms  DeleteObjects: 1.665900 ms)

Prepare: number of updated asset objects reloaded= 0
AssetImportParameters requested are different than current active one (requested -> active):
  custom:container-demuxer-ogg: 62fdf1f143b41e24485cea50d1cbac27 -> 
  custom:framework-win-MediaFoundation: 216162199b28c13a410421893ffa2e32 -> 
  custom:container-muxer-webm: aa71ff27fc2769a1b78a27578f13a17b -> 
  custom:video-decoder-webm-vp8: 9c59270c3fd7afecdb556c50c9e8de78 -> 
  custom:SearchIndexIgnoredProperties: e643bd26f0fe6173181afceb89e7c659 -> 
  custom:AudioImporter_EditorPlatform: d09bf68614088b80899f8185d706f6e7 -> 
  custom:audio-decoder-ogg-vorbis: bf7c407c2cedff20999df2af8eb42d56 -> 
  custom:audio-encoder-webm-vorbis: bf7c407c2cedff20999df2af8eb42d56 -> 
  custom:video-decoder-ogg-theora: a1e56fd34408186e4bbccfd4996cb3dc -> 
  custom:CustomObjectIndexerAttribute: 72b91833f83ae208fae7752999fa3104 -> 
  custom:container-demuxer-webm: 4f35f7cbe854078d1ac9338744f61a02 -> 
  custom:video-encoder-webm-vp8: eb34c28f22e8b96e1ab97ce403110664 -> 
========================================================================
Received Import Request.
  Time since last request: 488.776102 seconds.
  path: Assets/Scenes/last attempt.unity
  artifactKey: Guid(c5014f59ecad5de43979dcb1bdc96a2e) Importer(2089858483,0ecaa5967403d082aa24f35e1b516d23)
Start importing Assets/Scenes/last attempt.unity using Guid(c5014f59ecad5de43979dcb1bdc96a2e) Importer(2089858483,0ecaa5967403d082aa24f35e1b516d23)  -> (artifact id: 'b6f6f1c2c6284740b845a12a2d8cab2c') in 0.046932 seconds
Number of updated asset objects reloaded before import = 0
Number of asset objects unloaded after import = 1
========================================================================
Received Prepare
Refreshing native plugins compatible for Editor in 6.19 ms, found 4 plugins.
Preloading 0 native plugins for Editor in 0.00 ms.
Unloading 41 Unused Serialized files (Serialized files now loaded: 0)
Unloading 41 unused Assets / (4.1 MB). Loaded Objects now: 7726.
Memory consumption went from 136.2 MB to 132.1 MB.
Total: 10.381700 ms (FindLiveObjects: 0.798400 ms CreateObjectMapping: 0.326800 ms MarkObjects: 7.615300 ms  DeleteObjects: 1.638700 ms)

Prepare: number of updated asset objects reloaded= 0
AssetImportParameters requested are different than current active one (requested -> active):
  custom:container-demuxer-ogg: 62fdf1f143b41e24485cea50d1cbac27 -> 
  custom:framework-win-MediaFoundation: 216162199b28c13a410421893ffa2e32 -> 
  custom:container-muxer-webm: aa71ff27fc2769a1b78a27578f13a17b -> 
  custom:video-decoder-webm-vp8: 9c59270c3fd7afecdb556c50c9e8de78 -> 
  custom:SearchIndexIgnoredProperties: e643bd26f0fe6173181afceb89e7c659 -> 
  custom:AudioImporter_EditorPlatform: d09bf68614088b80899f8185d706f6e7 -> 
  custom:audio-decoder-ogg-vorbis: bf7c407c2cedff20999df2af8eb42d56 -> 
  custom:audio-encoder-webm-vorbis: bf7c407c2cedff20999df2af8eb42d56 -> 
  custom:video-decoder-ogg-theora: a1e56fd34408186e4bbccfd4996cb3dc -> 
  custom:CustomObjectIndexerAttribute: 72b91833f83ae208fae7752999fa3104 -> 
  custom:container-demuxer-webm: 4f35f7cbe854078d1ac9338744f61a02 -> 
  custom:video-encoder-webm-vp8: eb34c28f22e8b96e1ab97ce403110664 -> 
========================================================================
Received Import Request.
  Time since last request: 727.417770 seconds.
  path: Assets/_ARMarker/Markers/ReferenceImageLibrary.asset
  artifactKey: Guid(e9bfce5ea60e3894483fae40eb674a2f) Importer(815301076,1909f56bfc062723c751e8b465ee728b)
Start importing Assets/_ARMarker/Markers/ReferenceImageLibrary.asset using Guid(e9bfce5ea60e3894483fae40eb674a2f) Importer(815301076,1909f56bfc062723c751e8b465ee728b)  -> (artifact id: '81d18fb0b6f86045ae67958c1341a5a0') in 0.672563 seconds
Number of updated asset objects reloaded before import = 0
Number of asset objects unloaded after import = 1
========================================================================
Received Import Request.
  Time since last request: 0.028975 seconds.
  path: Assets/_ARMarker/Markers/ReferenceImageLibrary.asset
  artifactKey: Guid(e9bfce5ea60e3894483fae40eb674a2f) Importer(2089858483,0ecaa5967403d082aa24f35e1b516d23)
Start importing Assets/_ARMarker/Markers/ReferenceImageLibrary.asset using Guid(e9bfce5ea60e3894483fae40eb674a2f) Importer(2089858483,0ecaa5967403d082aa24f35e1b516d23)  -> (artifact id: 'c6c922bb527f129ad059068646305f80') in 0.272631 seconds
Number of updated asset objects reloaded before import = 0
Number of asset objects unloaded after import = 1
========================================================================
Received Import Request.
  Time since last request: 15.092351 seconds.
  path: Assets/Scenes/last attempt.unity
  artifactKey: Guid(c5014f59ecad5de43979dcb1bdc96a2e) Importer(2089858483,0ecaa5967403d082aa24f35e1b516d23)
Start importing Assets/Scenes/last attempt.unity using Guid(c5014f59ecad5de43979dcb1bdc96a2e) Importer(2089858483,0ecaa5967403d082aa24f35e1b516d23)  -> (artifact id: '22315f1dcc17a46bd2f9c5d57139ab12') in 0.029755 seconds
Number of updated asset objects reloaded before import = 0
Number of asset objects unloaded after import = 1
========================================================================
Received Prepare
Refreshing native plugins compatible for Editor in 20.28 ms, found 4 plugins.
Preloading 0 native plugins for Editor in 0.00 ms.
Unloading 41 Unused Serialized files (Serialized files now loaded: 0)
Unloading 41 unused Assets / (4.1 MB). Loaded Objects now: 7726.
Memory consumption went from 182.6 MB to 178.6 MB.
Total: 1130.923800 ms (FindLiveObjects: 1.138700 ms CreateObjectMapping: 0.473500 ms MarkObjects: 1101.547700 ms  DeleteObjects: 27.759700 ms)

Prepare: number of updated asset objects reloaded= 0
AssetImportParameters requested are different than current active one (requested -> active):
  custom:container-demuxer-ogg: 62fdf1f143b41e24485cea50d1cbac27 -> 
  custom:framework-win-MediaFoundation: 216162199b28c13a410421893ffa2e32 -> 
  custom:container-muxer-webm: aa71ff27fc2769a1b78a27578f13a17b -> 
  custom:video-decoder-webm-vp8: 9c59270c3fd7afecdb556c50c9e8de78 -> 
  custom:SearchIndexIgnoredProperties: e643bd26f0fe6173181afceb89e7c659 -> 
  custom:AudioImporter_EditorPlatform: d09bf68614088b80899f8185d706f6e7 -> 
  custom:audio-decoder-ogg-vorbis: bf7c407c2cedff20999df2af8eb42d56 -> 
  custom:audio-encoder-webm-vorbis: bf7c407c2cedff20999df2af8eb42d56 -> 
  custom:video-decoder-ogg-theora: a1e56fd34408186e4bbccfd4996cb3dc -> 
  custom:CustomObjectIndexerAttribute: 72b91833f83ae208fae7752999fa3104 -> 
  custom:container-demuxer-webm: 4f35f7cbe854078d1ac9338744f61a02 -> 
  custom:video-encoder-webm-vp8: eb34c28f22e8b96e1ab97ce403110664 -> 
========================================================================
Received Import Request.
  Time since last request: 95.258114 seconds.
  path: Assets/_ARMarker/Markers/ReferenceImageLibrary.asset
  artifactKey: Guid(e9bfce5ea60e3894483fae40eb674a2f) Importer(2089858483,0ecaa5967403d082aa24f35e1b516d23)
Start importing Assets/_ARMarker/Markers/ReferenceImageLibrary.asset using Guid(e9bfce5ea60e3894483fae40eb674a2f) Importer(2089858483,0ecaa5967403d082aa24f35e1b516d23)  -> (artifact id: '34b6de241b7a9f5e9c4e68dbd4538fb5') in 0.156627 seconds
Number of updated asset objects reloaded before import = 0
Number of asset objects unloaded after import = 1
========================================================================
Received Import Request.
  Time since last request: 1485.027823 seconds.
  path: Assets/_ARMarker/Markers/ReferenceImageLibrary.asset
  artifactKey: Guid(e9bfce5ea60e3894483fae40eb674a2f) Importer(815301076,1909f56bfc062723c751e8b465ee728b)
Start importing Assets/_ARMarker/Markers/ReferenceImageLibrary.asset using Guid(e9bfce5ea60e3894483fae40eb674a2f) Importer(815301076,1909f56bfc062723c751e8b465ee728b)  -> (artifact id: '472056f37c748e0daeeb2d1c619f607c') in 0.118427 seconds
Number of updated asset objects reloaded before import = 0
Number of asset objects unloaded after import = 1
========================================================================
Received Import Request.
  Time since last request: 122.358957 seconds.
  path: Assets/ornament.prefab
  artifactKey: Guid(286050470e5542f43a1b46751131b6c8) Importer(815301076,1909f56bfc062723c751e8b465ee728b)
Start importing Assets/ornament.prefab using Guid(286050470e5542f43a1b46751131b6c8) Importer(815301076,1909f56bfc062723c751e8b465ee728b)  -> (artifact id: 'b1ebd1fa710af3d62be121e40175bb9a') in 0.338666 seconds
Number of updated asset objects reloaded before import = 0
Number of asset objects unloaded after import = 19
========================================================================
Received Import Request.
  Time since last request: 0.526818 seconds.
  path: Assets/ornament.prefab
  artifactKey: Guid(286050470e5542f43a1b46751131b6c8) Importer(2089858483,0ecaa5967403d082aa24f35e1b516d23)
Start importing Assets/ornament.prefab using Guid(286050470e5542f43a1b46751131b6c8) Importer(2089858483,0ecaa5967403d082aa24f35e1b516d23)  -> (artifact id: '0ce7a7acf15ff5f415c15c183346a1cf') in 0.064367 seconds
Number of updated asset objects reloaded before import = 0
Number of asset objects unloaded after import = 9
========================================================================
Received Prepare
Refreshing native plugins compatible for Editor in 6.61 ms, found 4 plugins.
Preloading 0 native plugins for Editor in 0.00 ms.
Unloading 41 Unused Serialized files (Serialized files now loaded: 0)
Unloading 41 unused Assets / (4.0 MB). Loaded Objects now: 7726.
Memory consumption went from 229.2 MB to 225.1 MB.
Total: 98.887200 ms (FindLiveObjects: 0.542800 ms CreateObjectMapping: 0.258500 ms MarkObjects: 96.306700 ms  DeleteObjects: 1.777200 ms)

Prepare: number of updated asset objects reloaded= 0
AssetImportParameters requested are different than current active one (requested -> active):
  custom:container-demuxer-ogg: 62fdf1f143b41e24485cea50d1cbac27 -> 
  custom:framework-win-MediaFoundation: 216162199b28c13a410421893ffa2e32 -> 
  custom:container-muxer-webm: aa71ff27fc2769a1b78a27578f13a17b -> 
  custom:video-decoder-webm-vp8: 9c59270c3fd7afecdb556c50c9e8de78 -> 
  custom:SearchIndexIgnoredProperties: e643bd26f0fe6173181afceb89e7c659 -> 
  custom:AudioImporter_EditorPlatform: d09bf68614088b80899f8185d706f6e7 -> 
  custom:audio-decoder-ogg-vorbis: bf7c407c2cedff20999df2af8eb42d56 -> 
  custom:audio-encoder-webm-vorbis: bf7c407c2cedff20999df2af8eb42d56 -> 
  custom:video-decoder-ogg-theora: a1e56fd34408186e4bbccfd4996cb3dc -> 
  custom:CustomObjectIndexerAttribute: 72b91833f83ae208fae7752999fa3104 -> 
  custom:container-demuxer-webm: 4f35f7cbe854078d1ac9338744f61a02 -> 
  custom:video-encoder-webm-vp8: eb34c28f22e8b96e1ab97ce403110664 -> 
========================================================================
Received Import Request.
  Time since last request: 165.727778 seconds.
  path: Assets/Scenes/last attempt.unity
  artifactKey: Guid(c5014f59ecad5de43979dcb1bdc96a2e) Importer(2089858483,0ecaa5967403d082aa24f35e1b516d23)
Start importing Assets/Scenes/last attempt.unity using Guid(c5014f59ecad5de43979dcb1bdc96a2e) Importer(2089858483,0ecaa5967403d082aa24f35e1b516d23)  -> (artifact id: 'ab8a291251d9930b545a671fb14c302f') in 0.209132 seconds
Number of updated asset objects reloaded before import = 0
Number of asset objects unloaded after import = 1
========================================================================
Received Prepare
Refreshing native plugins compatible for Editor in 8.19 ms, found 4 plugins.
Preloading 0 native plugins for Editor in 0.00 ms.
Unloading 41 Unused Serialized files (Serialized files now loaded: 0)
Unloading 41 unused Assets / (4.1 MB). Loaded Objects now: 7726.
Memory consumption went from 229.2 MB to 225.1 MB.
Total: 36.235100 ms (FindLiveObjects: 0.615300 ms CreateObjectMapping: 0.284600 ms MarkObjects: 33.647900 ms  DeleteObjects: 1.684100 ms)

Prepare: number of updated asset objects reloaded= 0
AssetImportParameters requested are different than current active one (requested -> active):
  custom:container-demuxer-ogg: 62fdf1f143b41e24485cea50d1cbac27 -> 
  custom:framework-win-MediaFoundation: 216162199b28c13a410421893ffa2e32 -> 
  custom:container-muxer-webm: aa71ff27fc2769a1b78a27578f13a17b -> 
  custom:video-decoder-webm-vp8: 9c59270c3fd7afecdb556c50c9e8de78 -> 
  custom:SearchIndexIgnoredProperties: e643bd26f0fe6173181afceb89e7c659 -> 
  custom:AudioImporter_EditorPlatform: d09bf68614088b80899f8185d706f6e7 -> 
  custom:audio-decoder-ogg-vorbis: bf7c407c2cedff20999df2af8eb42d56 -> 
  custom:audio-encoder-webm-vorbis: bf7c407c2cedff20999df2af8eb42d56 -> 
  custom:video-decoder-ogg-theora: a1e56fd34408186e4bbccfd4996cb3dc -> 
  custom:CustomObjectIndexerAttribute: 72b91833f83ae208fae7752999fa3104 -> 
  custom:container-demuxer-webm: 4f35f7cbe854078d1ac9338744f61a02 -> 
  custom:video-encoder-webm-vp8: eb34c28f22e8b96e1ab97ce403110664 -> 
========================================================================
Received Import Request.
  Time since last request: 148.408294 seconds.
  path: Assets/Scenes/last attempt.unity
  artifactKey: Guid(c5014f59ecad5de43979dcb1bdc96a2e) Importer(2089858483,0ecaa5967403d082aa24f35e1b516d23)
Start importing Assets/Scenes/last attempt.unity using Guid(c5014f59ecad5de43979dcb1bdc96a2e) Importer(2089858483,0ecaa5967403d082aa24f35e1b516d23)  -> (artifact id: 'b0167ba68ecc3a0d059085ca8a80c9ea') in 0.034975 seconds
Number of updated asset objects reloaded before import = 0
Number of asset objects unloaded after import = 1
========================================================================
Received Import Request.
  Time since last request: 65.582824 seconds.
  path: Assets/Scenes/last attempt.unity
  artifactKey: Guid(c5014f59ecad5de43979dcb1bdc96a2e) Importer(2089858483,0ecaa5967403d082aa24f35e1b516d23)
Start importing Assets/Scenes/last attempt.unity using Guid(c5014f59ecad5de43979dcb1bdc96a2e) Importer(2089858483,0ecaa5967403d082aa24f35e1b516d23)  -> (artifact id: '313559afd4f59962955a9f02788bef22') in 0.029046 seconds
Number of updated asset objects reloaded before import = 0
Number of asset objects unloaded after import = 1
========================================================================
Received Prepare
Refreshing native plugins compatible for Editor in 15.97 ms, found 4 plugins.
Preloading 0 native plugins for Editor in 0.00 ms.
Unloading 41 Unused Serialized files (Serialized files now loaded: 0)
Unloading 41 unused Assets / (4.0 MB). Loaded Objects now: 7726.
Memory consumption went from 229.2 MB to 225.1 MB.
Total: 13.094500 ms (FindLiveObjects: 0.578700 ms CreateObjectMapping: 0.337400 ms MarkObjects: 10.204300 ms  DeleteObjects: 1.971500 ms)

Prepare: number of updated asset objects reloaded= 0
AssetImportParameters requested are different than current active one (requested -> active):
  custom:container-demuxer-ogg: 62fdf1f143b41e24485cea50d1cbac27 -> 
  custom:framework-win-MediaFoundation: 216162199b28c13a410421893ffa2e32 -> 
  custom:container-muxer-webm: aa71ff27fc2769a1b78a27578f13a17b -> 
  custom:video-decoder-webm-vp8: 9c59270c3fd7afecdb556c50c9e8de78 -> 
  custom:SearchIndexIgnoredProperties: e643bd26f0fe6173181afceb89e7c659 -> 
  custom:AudioImporter_EditorPlatform: d09bf68614088b80899f8185d706f6e7 -> 
  custom:audio-decoder-ogg-vorbis: bf7c407c2cedff20999df2af8eb42d56 -> 
  custom:audio-encoder-webm-vorbis: bf7c407c2cedff20999df2af8eb42d56 -> 
  custom:video-decoder-ogg-theora: a1e56fd34408186e4bbccfd4996cb3dc -> 
  custom:CustomObjectIndexerAttribute: 72b91833f83ae208fae7752999fa3104 -> 
  custom:container-demuxer-webm: 4f35f7cbe854078d1ac9338744f61a02 -> 
  custom:video-encoder-webm-vp8: eb34c28f22e8b96e1ab97ce403110664 -> 
========================================================================
Received Import Request.
  Time since last request: 118.298021 seconds.
  path: Assets/Scenes/last attempt.unity
  artifactKey: Guid(c5014f59ecad5de43979dcb1bdc96a2e) Importer(2089858483,0ecaa5967403d082aa24f35e1b516d23)
Start importing Assets/Scenes/last attempt.unity using Guid(c5014f59ecad5de43979dcb1bdc96a2e) Importer(2089858483,0ecaa5967403d082aa24f35e1b516d23)  -> (artifact id: 'efd17df931bff76834a5459a49a6fa4b') in 0.093428 seconds
Number of updated asset objects reloaded before import = 0
Number of asset objects unloaded after import = 1
========================================================================
Received Prepare
Refreshing native plugins compatible for Editor in 5.94 ms, found 4 plugins.
Preloading 0 native plugins for Editor in 0.00 ms.
Unloading 41 Unused Serialized files (Serialized files now loaded: 0)
Unloading 41 unused Assets / (4.1 MB). Loaded Objects now: 7726.
Memory consumption went from 229.2 MB to 225.1 MB.
Total: 11.982100 ms (FindLiveObjects: 0.497800 ms CreateObjectMapping: 0.293100 ms MarkObjects: 9.614200 ms  DeleteObjects: 1.575400 ms)

Prepare: number of updated asset objects reloaded= 0
AssetImportParameters requested are different than current active one (requested -> active):
  custom:container-demuxer-ogg: 62fdf1f143b41e24485cea50d1cbac27 -> 
  custom:framework-win-MediaFoundation: 216162199b28c13a410421893ffa2e32 -> 
  custom:container-muxer-webm: aa71ff27fc2769a1b78a27578f13a17b -> 
  custom:video-decoder-webm-vp8: 9c59270c3fd7afecdb556c50c9e8de78 -> 
  custom:SearchIndexIgnoredProperties: e643bd26f0fe6173181afceb89e7c659 -> 
  custom:AudioImporter_EditorPlatform: d09bf68614088b80899f8185d706f6e7 -> 
  custom:audio-decoder-ogg-vorbis: bf7c407c2cedff20999df2af8eb42d56 -> 
  custom:audio-encoder-webm-vorbis: bf7c407c2cedff20999df2af8eb42d56 -> 
  custom:video-decoder-ogg-theora: a1e56fd34408186e4bbccfd4996cb3dc -> 
  custom:CustomObjectIndexerAttribute: 72b91833f83ae208fae7752999fa3104 -> 
  custom:container-demuxer-webm: 4f35f7cbe854078d1ac9338744f61a02 -> 
  custom:video-encoder-webm-vp8: eb34c28f22e8b96e1ab97ce403110664 -> 
========================================================================
Received Import Request.
  Time since last request: 178.667582 seconds.
  path: Assets/ornament.prefab
  artifactKey: Guid(286050470e5542f43a1b46751131b6c8) Importer(815301076,1909f56bfc062723c751e8b465ee728b)
Start importing Assets/ornament.prefab using Guid(286050470e5542f43a1b46751131b6c8) Importer(815301076,1909f56bfc062723c751e8b465ee728b)  -> (artifact id: 'aa2b563ed2a9c5add79b4d4fc18528b8') in 0.300351 seconds
Number of updated asset objects reloaded before import = 0
Number of asset objects unloaded after import = 19
========================================================================
Received Import Request.
  Time since last request: 0.589923 seconds.
  path: Assets/ornament.prefab
  artifactKey: Guid(286050470e5542f43a1b46751131b6c8) Importer(2089858483,0ecaa5967403d082aa24f35e1b516d23)
Start importing Assets/ornament.prefab using Guid(286050470e5542f43a1b46751131b6c8) Importer(2089858483,0ecaa5967403d082aa24f35e1b516d23)  -> (artifact id: 'a165ba94ff0106d2c16758d597cc632f') in 0.081074 seconds
Number of updated asset objects reloaded before import = 0
Number of asset objects unloaded after import = 9
========================================================================
Received Import Request.
  Time since last request: 50.805288 seconds.
  path: Assets/ornament.prefab
  artifactKey: Guid(286050470e5542f43a1b46751131b6c8) Importer(815301076,1909f56bfc062723c751e8b465ee728b)
Start importing Assets/ornament.prefab using Guid(286050470e5542f43a1b46751131b6c8) Importer(815301076,1909f56bfc062723c751e8b465ee728b)  -> (artifact id: '53bf2e5b892c2b37004685e5daedc268') in 0.095277 seconds
Number of updated asset objects reloaded before import = 0
Number of asset objects unloaded after import = 19
========================================================================
Received Import Request.
  Time since last request: 0.808693 seconds.
  path: Assets/ornament.prefab
  artifactKey: Guid(286050470e5542f43a1b46751131b6c8) Importer(2089858483,0ecaa5967403d082aa24f35e1b516d23)
Start importing Assets/ornament.prefab using Guid(286050470e5542f43a1b46751131b6c8) Importer(2089858483,0ecaa5967403d082aa24f35e1b516d23)  -> (artifact id: '5bbcca0d4d107599f52d926ce988d71b') in 0.049521 seconds
Number of updated asset objects reloaded before import = 0
Number of asset objects unloaded after import = 9
========================================================================
Received Import Request.
  Time since last request: 21.840612 seconds.
  path: Assets/Scenes/last attempt.unity
  artifactKey: Guid(c5014f59ecad5de43979dcb1bdc96a2e) Importer(2089858483,0ecaa5967403d082aa24f35e1b516d23)
Start importing Assets/Scenes/last attempt.unity using Guid(c5014f59ecad5de43979dcb1bdc96a2e) Importer(2089858483,0ecaa5967403d082aa24f35e1b516d23)  -> (artifact id: '08efb1b7f197b9d16bc209632085f3b0') in 0.036705 seconds
Number of updated asset objects reloaded before import = 0
Number of asset objects unloaded after import = 1
========================================================================
Received Prepare
Refreshing native plugins compatible for Editor in 55.68 ms, found 4 plugins.
Preloading 0 native plugins for Editor in 0.00 ms.
Unloading 41 Unused Serialized files (Serialized files now loaded: 0)
Unloading 41 unused Assets / (4.1 MB). Loaded Objects now: 7726.
Memory consumption went from 229.2 MB to 225.1 MB.
Total: 248.683200 ms (FindLiveObjects: 2.590900 ms CreateObjectMapping: 7.249800 ms MarkObjects: 224.928500 ms  DeleteObjects: 13.905300 ms)

Prepare: number of updated asset objects reloaded= 0
AssetImportParameters requested are different than current active one (requested -> active):
  custom:container-demuxer-ogg: 62fdf1f143b41e24485cea50d1cbac27 -> 
  custom:framework-win-MediaFoundation: 216162199b28c13a410421893ffa2e32 -> 
  custom:container-muxer-webm: aa71ff27fc2769a1b78a27578f13a17b -> 
  custom:video-decoder-webm-vp8: 9c59270c3fd7afecdb556c50c9e8de78 -> 
  custom:SearchIndexIgnoredProperties: e643bd26f0fe6173181afceb89e7c659 -> 
  custom:AudioImporter_EditorPlatform: d09bf68614088b80899f8185d706f6e7 -> 
  custom:audio-decoder-ogg-vorbis: bf7c407c2cedff20999df2af8eb42d56 -> 
  custom:audio-encoder-webm-vorbis: bf7c407c2cedff20999df2af8eb42d56 -> 
  custom:video-decoder-ogg-theora: a1e56fd34408186e4bbccfd4996cb3dc -> 
  custom:CustomObjectIndexerAttribute: 72b91833f83ae208fae7752999fa3104 -> 
  custom:container-demuxer-webm: 4f35f7cbe854078d1ac9338744f61a02 -> 
  custom:video-encoder-webm-vp8: eb34c28f22e8b96e1ab97ce403110664 -> 
========================================================================
Received Import Request.
  Time since last request: 161.631466 seconds.
  path: Assets/Scenes/last attempt.unity
  artifactKey: Guid(c5014f59ecad5de43979dcb1bdc96a2e) Importer(2089858483,0ecaa5967403d082aa24f35e1b516d23)
Start importing Assets/Scenes/last attempt.unity using Guid(c5014f59ecad5de43979dcb1bdc96a2e) Importer(2089858483,0ecaa5967403d082aa24f35e1b516d23)  -> (artifact id: '26b9e55fd9a23856fba84a82f67a9ada') in 0.041521 seconds
Number of updated asset objects reloaded before import = 0
Number of asset objects unloaded after import = 1
========================================================================
Received Prepare
Refreshing native plugins compatible for Editor in 53.13 ms, found 4 plugins.
Preloading 0 native plugins for Editor in 0.00 ms.
Unloading 41 Unused Serialized files (Serialized files now loaded: 0)
Unloading 41 unused Assets / (4.1 MB). Loaded Objects now: 7726.
Memory consumption went from 229.3 MB to 225.2 MB.
Total: 87.298000 ms (FindLiveObjects: 1.364700 ms CreateObjectMapping: 0.740100 ms MarkObjects: 78.975500 ms  DeleteObjects: 6.214500 ms)

Prepare: number of updated asset objects reloaded= 0
AssetImportParameters requested are different than current active one (requested -> active):
  custom:container-demuxer-ogg: 62fdf1f143b41e24485cea50d1cbac27 -> 
  custom:framework-win-MediaFoundation: 216162199b28c13a410421893ffa2e32 -> 
  custom:container-muxer-webm: aa71ff27fc2769a1b78a27578f13a17b -> 
  custom:video-decoder-webm-vp8: 9c59270c3fd7afecdb556c50c9e8de78 -> 
  custom:SearchIndexIgnoredProperties: e643bd26f0fe6173181afceb89e7c659 -> 
  custom:AudioImporter_EditorPlatform: d09bf68614088b80899f8185d706f6e7 -> 
  custom:audio-decoder-ogg-vorbis: bf7c407c2cedff20999df2af8eb42d56 -> 
  custom:audio-encoder-webm-vorbis: bf7c407c2cedff20999df2af8eb42d56 -> 
  custom:video-decoder-ogg-theora: a1e56fd34408186e4bbccfd4996cb3dc -> 
  custom:CustomObjectIndexerAttribute: 72b91833f83ae208fae7752999fa3104 -> 
  custom:container-demuxer-webm: 4f35f7cbe854078d1ac9338744f61a02 -> 
  custom:video-encoder-webm-vp8: eb34c28f22e8b96e1ab97ce403110664 -> 
========================================================================
Received Import Request.
  Time since last request: 167.846857 seconds.
  path: Assets/Scenes/last attempt.unity
  artifactKey: Guid(c5014f59ecad5de43979dcb1bdc96a2e) Importer(2089858483,0ecaa5967403d082aa24f35e1b516d23)
Start importing Assets/Scenes/last attempt.unity using Guid(c5014f59ecad5de43979dcb1bdc96a2e) Importer(2089858483,0ecaa5967403d082aa24f35e1b516d23)  -> (artifact id: '7cdfe9c3a52fd8432dfb6b27a483174d') in 0.069768 seconds
Number of updated asset objects reloaded before import = 0
Number of asset objects unloaded after import = 1
========================================================================
Received Import Request.
  Time since last request: 3.407648 seconds.
  path: Assets/ornament.prefab
  artifactKey: Guid(286050470e5542f43a1b46751131b6c8) Importer(815301076,1909f56bfc062723c751e8b465ee728b)
Start importing Assets/ornament.prefab using Guid(286050470e5542f43a1b46751131b6c8) Importer(815301076,1909f56bfc062723c751e8b465ee728b)  -> (artifact id: '4e5a244b31b59d62a4cf5b1fb2d77a1f') in 0.164003 seconds
Number of updated asset objects reloaded before import = 0
Number of asset objects unloaded after import = 19
========================================================================
Received Import Request.
  Time since last request: 0.744171 seconds.
  path: Assets/ornament.prefab
  artifactKey: Guid(286050470e5542f43a1b46751131b6c8) Importer(2089858483,0ecaa5967403d082aa24f35e1b516d23)
Start importing Assets/ornament.prefab using Guid(286050470e5542f43a1b46751131b6c8) Importer(2089858483,0ecaa5967403d082aa24f35e1b516d23)  -> (artifact id: 'e8c9c22de6b8c2097ae38aff78b7f146') in 0.037512 seconds
Number of updated asset objects reloaded before import = 0
Number of asset objects unloaded after import = 9
========================================================================
Received Prepare
Refreshing native plugins compatible for Editor in 16.00 ms, found 4 plugins.
Preloading 0 native plugins for Editor in 0.00 ms.
Unloading 41 Unused Serialized files (Serialized files now loaded: 0)
Unloading 41 unused Assets / (4.1 MB). Loaded Objects now: 7726.
Memory consumption went from 229.3 MB to 225.2 MB.
Total: 17.645000 ms (FindLiveObjects: 0.703300 ms CreateObjectMapping: 0.486100 ms MarkObjects: 13.841200 ms  DeleteObjects: 2.611800 ms)

Prepare: number of updated asset objects reloaded= 0
AssetImportParameters requested are different than current active one (requested -> active):
  custom:container-demuxer-ogg: 62fdf1f143b41e24485cea50d1cbac27 -> 
  custom:framework-win-MediaFoundation: 216162199b28c13a410421893ffa2e32 -> 
  custom:container-muxer-webm: aa71ff27fc2769a1b78a27578f13a17b -> 
  custom:video-decoder-webm-vp8: 9c59270c3fd7afecdb556c50c9e8de78 -> 
  custom:SearchIndexIgnoredProperties: e643bd26f0fe6173181afceb89e7c659 -> 
  custom:AudioImporter_EditorPlatform: d09bf68614088b80899f8185d706f6e7 -> 
  custom:audio-decoder-ogg-vorbis: bf7c407c2cedff20999df2af8eb42d56 -> 
  custom:audio-encoder-webm-vorbis: bf7c407c2cedff20999df2af8eb42d56 -> 
  custom:video-decoder-ogg-theora: a1e56fd34408186e4bbccfd4996cb3dc -> 
  custom:CustomObjectIndexerAttribute: 72b91833f83ae208fae7752999fa3104 -> 
  custom:container-demuxer-webm: 4f35f7cbe854078d1ac9338744f61a02 -> 
  custom:video-encoder-webm-vp8: eb34c28f22e8b96e1ab97ce403110664 -> 
========================================================================
Received Import Request.
  Time since last request: 1642.913878 seconds.
  path: Assets/Mariah Carey - All I Want for Christmas Is You (Make My Wish Come True Edition).mp3
  artifactKey: Guid(6b4f7b6493097c74681eb0f6902b814e) Importer(815301076,1909f56bfc062723c751e8b465ee728b)
Start importing Assets/Mariah Carey - All I Want for Christmas Is You (Make My Wish Come True Edition).mp3 using Guid(6b4f7b6493097c74681eb0f6902b814e) Importer(815301076,1909f56bfc062723c751e8b465ee728b)  -> (artifact id: '6c964695363975a506e0b81d14592922') in 1.579245 seconds
Number of updated asset objects reloaded before import = 0
Number of asset objects unloaded after import = 2
========================================================================
Received Import Request.
  Time since last request: 215.868614 seconds.
  path: Assets/Scenes/last attempt.unity
  artifactKey: Guid(c5014f59ecad5de43979dcb1bdc96a2e) Importer(2089858483,0ecaa5967403d082aa24f35e1b516d23)
Start importing Assets/Scenes/last attempt.unity using Guid(c5014f59ecad5de43979dcb1bdc96a2e) Importer(2089858483,0ecaa5967403d082aa24f35e1b516d23)  -> (artifact id: 'f464e55ef051fa6f7685073b98f21fcc') in 0.388564 seconds
Number of updated asset objects reloaded before import = 0
Number of asset objects unloaded after import = 1
========================================================================
Received Prepare
Refreshing native plugins compatible for Editor in 21.67 ms, found 4 plugins.
Preloading 0 native plugins for Editor in 0.00 ms.
Unloading 41 Unused Serialized files (Serialized files now loaded: 0)
Unloading 41 unused Assets / (4.0 MB). Loaded Objects now: 7728.
Memory consumption went from 229.3 MB to 225.3 MB.
Total: 239.317400 ms (FindLiveObjects: 1.845300 ms CreateObjectMapping: 0.380300 ms MarkObjects: 234.489200 ms  DeleteObjects: 2.597700 ms)

Prepare: number of updated asset objects reloaded= 0
AssetImportParameters requested are different than current active one (requested -> active):
  custom:container-demuxer-ogg: 62fdf1f143b41e24485cea50d1cbac27 -> 
  custom:framework-win-MediaFoundation: 216162199b28c13a410421893ffa2e32 -> 
  custom:container-muxer-webm: aa71ff27fc2769a1b78a27578f13a17b -> 
  custom:video-decoder-webm-vp8: 9c59270c3fd7afecdb556c50c9e8de78 -> 
  custom:SearchIndexIgnoredProperties: e643bd26f0fe6173181afceb89e7c659 -> 
  custom:AudioImporter_EditorPlatform: d09bf68614088b80899f8185d706f6e7 -> 
  custom:audio-decoder-ogg-vorbis: bf7c407c2cedff20999df2af8eb42d56 -> 
  custom:audio-encoder-webm-vorbis: bf7c407c2cedff20999df2af8eb42d56 -> 
  custom:video-decoder-ogg-theora: a1e56fd34408186e4bbccfd4996cb3dc -> 
  custom:CustomObjectIndexerAttribute: 72b91833f83ae208fae7752999fa3104 -> 
  custom:container-demuxer-webm: 4f35f7cbe854078d1ac9338744f61a02 -> 
  custom:video-encoder-webm-vp8: eb34c28f22e8b96e1ab97ce403110664 -> 
========================================================================
Received Prepare
Begin MonoManager ReloadAssembly
- Loaded All Assemblies, in 12.273 seconds
Refreshing native plugins compatible for Editor in 38.81 ms, found 4 plugins.
Native extension for WindowsStandalone target not found
Native extension for Android target not found
Native extension for WebGL target not found
[Package Manager] Server::EnsureServerProcessIsRunning -- launch failed, reason: Unity was launched with the -noUpm command-line argument
[Package Manager] UpmClient::Send -- Unable to send message (not connected to UPM process).
[Package Manager] Cannot connect to Unity Package Manager local server
Mono: successfully reloaded assembly
[Package Manager] Server::EnsureServerProcessIsRunning -- launch failed, reason: Unity was launched with the -noUpm command-line argument
[Package Manager] UpmClient::Send -- Unable to send message (not connected to UPM process).
[Package Manager] Cannot connect to Unity Package Manager local server
- Finished resetting the current domain, in 90.446 seconds
Domain Reload Profiling: 102686ms
	BeginReloadAssembly (5119ms)
		ExecutionOrderSort (0ms)
		DisableScriptedObjects (219ms)
		BackupInstance (0ms)
		ReleaseScriptingObjects (5ms)
		CreateAndSetChildDomain (3399ms)
	RebuildCommonClasses (178ms)
	RebuildNativeTypeToScriptingClass (56ms)
	initialDomainReloadingComplete (195ms)
	LoadAllAssembliesAndSetupDomain (6690ms)
		LoadAssemblies (7429ms)
		RebuildTransferFunctionScriptingTraits (0ms)
		AnalyzeDomain (156ms)
			TypeCache.Refresh (57ms)
				TypeCache.ScanAssembly (0ms)
			ScanForSourceGeneratedMonoScriptInfo (2ms)
			ResolveRequiredComponents (92ms)
	FinalizeReload (90447ms)
		ReleaseScriptCaches (0ms)
		RebuildScriptCaches (0ms)
		SetupLoadedEditorAssemblies (4228ms)
			LogAssemblyErrors (0ms)
			InitializePlatformSupportModulesInManaged (390ms)
			SetLoadedEditorAssemblies (23ms)
			RefreshPlugins (0ms)
			BeforeProcessingInitializeOnLoad (574ms)
			ProcessInitializeOnLoadAttributes (2819ms)
			ProcessInitializeOnLoadMethodAttributes (252ms)
			AfterProcessingInitializeOnLoad (17ms)
			EditorAssembliesLoaded (1ms)
		ExecutionOrderSort2 (0ms)
		AwakeInstancesAfterBackupRestoration (34ms)
Refreshing native plugins compatible for Editor in 61.33 ms, found 4 plugins.
Preloading 0 native plugins for Editor in 0.00 ms.
Unloading 7011 Unused Serialized files (Serialized files now loaded: 0)
Unloading 102 unused Assets / (4.8 MB). Loaded Objects now: 7686.
Memory consumption went from 265.3 MB to 260.5 MB.
Total: 54.984600 ms (FindLiveObjects: 1.645200 ms CreateObjectMapping: 0.422500 ms MarkObjects: 42.726900 ms  DeleteObjects: 10.186000 ms)

Prepare: number of updated asset objects reloaded= 0
AssetImportParameters requested are different than current active one (requested -> active):
  custom:container-demuxer-ogg: 62fdf1f143b41e24485cea50d1cbac27 -> 
  custom:framework-win-MediaFoundation: 216162199b28c13a410421893ffa2e32 -> 
  custom:container-muxer-webm: aa71ff27fc2769a1b78a27578f13a17b -> 
  custom:video-decoder-webm-vp8: 9c59270c3fd7afecdb556c50c9e8de78 -> 
  custom:SearchIndexIgnoredProperties: e643bd26f0fe6173181afceb89e7c659 -> 
  custom:AudioImporter_EditorPlatform: d09bf68614088b80899f8185d706f6e7 -> 
  custom:audio-decoder-ogg-vorbis: bf7c407c2cedff20999df2af8eb42d56 -> 
  custom:audio-encoder-webm-vorbis: bf7c407c2cedff20999df2af8eb42d56 -> 
  custom:video-decoder-ogg-theora: a1e56fd34408186e4bbccfd4996cb3dc -> 
  custom:CustomObjectIndexerAttribute: 72b91833f83ae208fae7752999fa3104 -> 
  custom:container-demuxer-webm: 4f35f7cbe854078d1ac9338744f61a02 -> 
  custom:video-encoder-webm-vp8: eb34c28f22e8b96e1ab97ce403110664 -> 
========================================================================
Received Prepare
Refreshing native plugins compatible for Editor in 30.91 ms, found 4 plugins.
Preloading 0 native plugins for Editor in 0.00 ms.
Unloading 41 Unused Serialized files (Serialized files now loaded: 0)
Unloading 41 unused Assets / (4.0 MB). Loaded Objects now: 7686.
Memory consumption went from 156.6 MB to 152.6 MB.
Total: 17.501200 ms (FindLiveObjects: 0.952500 ms CreateObjectMapping: 0.747900 ms MarkObjects: 10.585800 ms  DeleteObjects: 5.212700 ms)

Prepare: number of updated asset objects reloaded= 0
AssetImportParameters requested are different than current active one (requested -> active):
  custom:container-demuxer-ogg: 62fdf1f143b41e24485cea50d1cbac27 -> 
  custom:framework-win-MediaFoundation: 216162199b28c13a410421893ffa2e32 -> 
  custom:container-muxer-webm: aa71ff27fc2769a1b78a27578f13a17b -> 
  custom:video-decoder-webm-vp8: 9c59270c3fd7afecdb556c50c9e8de78 -> 
  custom:SearchIndexIgnoredProperties: e643bd26f0fe6173181afceb89e7c659 -> 
  custom:AudioImporter_EditorPlatform: d09bf68614088b80899f8185d706f6e7 -> 
  custom:audio-decoder-ogg-vorbis: bf7c407c2cedff20999df2af8eb42d56 -> 
  custom:audio-encoder-webm-vorbis: bf7c407c2cedff20999df2af8eb42d56 -> 
  custom:video-decoder-ogg-theora: a1e56fd34408186e4bbccfd4996cb3dc -> 
  custom:CustomObjectIndexerAttribute: 72b91833f83ae208fae7752999fa3104 -> 
  custom:container-demuxer-webm: 4f35f7cbe854078d1ac9338744f61a02 -> 
  custom:video-encoder-webm-vp8: eb34c28f22e8b96e1ab97ce403110664 -> 
